customer_id,customer_segment,amount,failure_reason,payment_channel,days_since_failure,event_date,total_past_payments,total_past_failures,past_self_cure_count,past_recovery_attempts,past_whatsapp_success,past_whatsapp_attempts,past_email_success,past_email_attempts,past_call_success,past_call_attempts,past_opt_outs,intervention_used,contacted,recovered,amount_recovered,recovery_time_hours,churn_or_annoyance_flag
90,regular,2424.93,insufficient_funds,upi,0.5,2025-08-13,8,9,5,5,0,1,2,5,2,3,0,discount,True,False,0.0,,False
127,regular,7113.28,card_declined,wallet,1.0,2025-09-03,13,7,6,2,3,5,1,4,2,3,0,human_followup,True,False,0.0,,False
58,high_value,12319.54,insufficient_funds,upi,2.9,2025-06-13,19,9,4,7,1,3,1,6,3,3,0,whatsapp,True,True,12319.54,42.6,False
42,new,2222.76,bank_server_down,upi,3.4,2025-11-11,25,9,5,4,1,1,0,0,1,1,0,none,False,False,0.0,,False
111,regular,7568.32,timeout,wallet,1.6,2025-02-21,46,3,4,2,1,1,1,3,0,2,0,whatsapp,True,False,0.0,,False
142,new,2193.91,bank_server_down,netbanking,6.6,2025-06-02,63,7,4,5,2,6,2,2,0,0,0,whatsapp,True,True,2193.91,40.3,False
40,new,258.06,insufficient_funds,wallet,0.9,2026-02-26,28,12,5,9,0,0,0,2,1,6,2,discount,True,False,0.0,,True
7,regular,2052.15,card_declined,upi,4.7,2025-03-01,19,12,4,10,2,2,2,5,2,6,0,whatsapp,True,True,2052.15,31.8,False
24,regular,5314.0,network_error,card,3.7,2025-07-15,91,13,8,8,1,5,0,2,3,4,2,whatsapp,True,False,0.0,,True
120,regular,2475.51,card_declined,upi,1.5,2025-12-23,76,6,2,4,0,4,2,3,1,3,0,discount,True,True,2475.51,26.0,False
151,regular,2206.35,insufficient_funds,wallet,8.2,2025-08-03,94,9,6,4,5,6,0,1,0,2,0,none,False,False,0.0,,False
122,new,1760.87,timeout,wallet,3.0,2025-07-22,11,5,1,5,0,2,0,0,3,6,0,none,False,False,0.0,,False
129,new,1756.54,bank_server_down,card,1.2,2026-01-23,63,3,5,1,2,4,0,0,1,5,0,email,True,False,0.0,,False
55,new,2444.54,timeout,upi,4.2,2025-12-16,18,6,6,3,0,1,0,2,1,2,0,email,True,False,0.0,,False
153,regular,2434.15,insufficient_funds,upi,3.9,2025-07-23,68,6,4,3,2,2,1,4,2,5,0,email,True,False,0.0,,False
4,regular,6399.13,bank_server_down,wallet,1.1,2025-03-18,25,13,5,9,2,3,3,4,4,6,0,whatsapp,True,True,6399.13,45.1,False
28,high_value,30320.77,insufficient_funds,netbanking,8.7,2026-03-27,71,5,3,4,2,3,2,2,3,4,0,whatsapp,True,True,30320.77,23.4,False
156,regular,4047.85,timeout,netbanking,4.0,2025-11-13,20,0,2,0,3,6,1,2,1,3,0,voice,True,False,0.0,,True
85,new,2102.49,insufficient_funds,wallet,9.2,2026-04-05,54,8,0,8,4,6,1,2,0,0,0,whatsapp,True,True,2102.49,15.0,False
126,regular,6936.76,insufficient_funds,card,1.3,2026-05-14,97,8,2,7,0,4,0,0,1,4,2,human_followup,True,False,0.0,,True
107,new,1854.44,insufficient_funds,card,4.4,2026-04-13,73,11,2,10,0,2,0,1,0,5,2,none,False,False,0.0,,False
133,regular,7003.92,insufficient_funds,card,0.7,2025-12-30,24,12,2,12,0,3,1,2,1,2,1,email,True,True,7003.92,42.2,False
8,high_value,12818.18,timeout,upi,2.5,2025-08-22,44,9,2,9,1,1,2,4,0,6,1,retry,True,False,0.0,,False
51,high_value,17328.99,network_error,wallet,6.4,2025-03-05,48,4,5,1,0,4,4,6,1,4,0,discount,True,True,17328.99,21.5,False
122,new,1801.95,card_declined,netbanking,1.6,2026-04-03,11,5,1,5,0,2,0,0,3,6,0,whatsapp,True,False,0.0,,False
8,high_value,22395.46,timeout,card,8.6,2025-11-28,44,9,2,9,1,1,2,4,0,6,1,whatsapp,True,True,22395.46,24.7,False
175,high_value,5400.41,timeout,card,6.0,2025-01-05,79,3,5,0,0,1,0,0,1,1,0,whatsapp,True,False,0.0,,False
165,new,898.6,network_error,netbanking,4.6,2025-04-22,13,12,3,12,1,3,0,0,1,4,0,email,True,False,0.0,,False
102,regular,4883.65,insufficient_funds,netbanking,5.6,2025-11-01,83,10,3,9,1,2,4,5,1,4,0,voice,True,True,4883.65,3.2,True
71,new,1957.72,card_declined,netbanking,6.6,2026-05-03,41,8,3,5,5,5,2,4,4,6,0,none,False,False,0.0,,False
39,new,1600.15,timeout,upi,8.1,2026-02-15,17,9,7,4,5,6,0,0,1,4,0,none,False,True,1600.15,23.7,False
36,new,2191.72,network_error,netbanking,2.6,2025-08-03,48,6,6,3,0,0,2,3,2,6,0,email,True,False,0.0,,False
147,regular,6620.11,card_declined,card,6.9,2025-11-23,45,9,2,8,2,6,2,4,1,6,2,human_followup,True,False,0.0,,True
130,regular,2751.46,timeout,card,2.9,2025-08-30,77,14,5,11,1,6,2,4,1,4,2,retry,True,False,0.0,,False
144,regular,6221.89,timeout,netbanking,6.5,2025-04-24,99,13,3,10,1,4,1,1,0,6,0,whatsapp,True,False,0.0,,False
85,new,1177.88,bank_server_down,netbanking,4.6,2025-03-02,54,8,0,8,4,6,1,2,0,0,0,email,True,False,0.0,,False
159,regular,1034.12,timeout,upi,8.7,2025-07-15,45,8,2,8,1,1,0,6,0,0,0,email,True,False,0.0,,False
39,new,498.36,timeout,netbanking,4.1,2025-10-19,17,9,7,4,5,6,0,0,1,4,0,none,False,False,0.0,,False
37,new,1017.51,timeout,upi,4.9,2025-11-20,93,15,5,11,0,3,0,0,1,2,0,none,False,True,1017.51,5.1,False
116,high_value,17308.75,timeout,card,4.9,2026-01-26,87,8,2,7,2,5,0,3,0,4,2,human_followup,True,True,17308.75,20.7,True
110,regular,7739.96,network_error,upi,0.4,2025-04-13,47,9,1,8,0,1,4,5,2,6,0,discount,True,False,0.0,,False
136,regular,1929.33,insufficient_funds,card,2.3,2026-03-26,63,15,5,11,0,0,1,1,1,3,0,whatsapp,True,True,1929.33,28.3,False
43,regular,989.65,insufficient_funds,netbanking,9.5,2025-08-22,41,4,1,4,4,5,0,6,1,2,0,discount,True,True,989.65,42.6,False
35,regular,3070.5,network_error,netbanking,7.5,2025-03-26,83,16,7,11,0,6,0,1,0,0,1,none,False,False,0.0,,False
104,regular,643.44,timeout,card,2.1,2025-01-12,45,3,3,3,3,3,0,6,2,4,0,voice,True,True,643.44,31.3,False
10,new,1188.06,card_declined,upi,5.9,2025-01-25,80,5,1,5,1,1,2,5,1,1,0,discount,True,False,0.0,,False
177,regular,1368.42,network_error,wallet,1.2,2025-05-10,7,8,2,7,0,4,0,2,1,6,1,email,True,False,0.0,,False
162,regular,569.78,network_error,upi,6.6,2025-05-19,94,1,1,1,0,0,1,1,0,2,0,voice,True,False,0.0,,False
27,regular,4336.89,bank_server_down,upi,2.8,2026-02-06,20,4,5,0,1,3,0,4,1,5,0,retry,True,True,4336.89,9.7,False
68,new,2511.35,timeout,netbanking,7.0,2025-06-01,76,3,2,3,2,2,0,1,0,6,0,whatsapp,True,True,2511.35,33.1,False
124,regular,2979.53,insufficient_funds,upi,6.7,2026-04-10,38,9,4,7,0,2,0,0,0,6,0,retry,True,False,0.0,,False
127,regular,1618.58,insufficient_funds,upi,7.2,2025-02-21,13,7,6,2,3,5,1,4,2,3,0,none,False,False,0.0,,False
117,regular,7914.99,card_declined,netbanking,4.6,2025-02-21,43,11,0,11,0,3,4,6,0,0,0,none,False,False,0.0,,False
75,regular,3201.61,card_declined,wallet,7.4,2025-02-18,61,10,3,10,1,5,1,3,1,5,2,none,False,False,0.0,,False
3,new,2570.8,timeout,netbanking,3.6,2025-08-13,53,2,1,1,0,2,0,1,1,1,0,none,False,True,2570.8,53.0,False
96,new,2463.4,timeout,upi,4.0,2026-05-08,30,11,2,11,1,5,0,5,2,4,2,email,True,False,0.0,,True
123,high_value,40995.46,timeout,upi,1.3,2026-01-07,99,1,2,0,0,0,2,5,1,1,0,retry,True,False,0.0,,False
41,high_value,9667.09,bank_server_down,wallet,8.0,2025-12-14,82,3,3,3,3,4,1,3,0,4,0,email,True,False,0.0,,False
157,high_value,6296.73,timeout,wallet,9.2,2025-02-27,83,5,4,1,2,5,3,4,2,6,0,none,False,False,0.0,,False
17,new,858.68,card_declined,upi,7.0,2025-12-14,90,14,5,9,2,6,2,5,3,5,0,email,True,False,0.0,,False
58,high_value,49005.3,card_declined,upi,4.3,2026-01-08,19,9,4,7,1,3,1,6,3,3,0,whatsapp,True,True,49005.3,18.5,False
143,high_value,45142.78,bank_server_down,upi,0.1,2026-04-24,71,15,6,10,1,1,0,2,0,1,0,whatsapp,True,False,0.0,,False
43,regular,1061.49,network_error,netbanking,2.4,2026-05-12,41,4,1,4,4,5,0,6,1,2,0,whatsapp,True,True,1061.49,18.2,False
61,high_value,8547.38,network_error,wallet,0.9,2025-09-13,32,4,2,4,1,3,2,5,0,0,0,email,True,True,8547.38,31.4,False
27,regular,3525.8,insufficient_funds,upi,8.3,2026-02-10,20,4,5,0,1,3,0,4,1,5,0,voice,True,False,0.0,,False
131,high_value,30304.97,network_error,netbanking,3.6,2025-01-28,43,15,3,12,0,1,2,4,2,6,0,none,False,False,0.0,,False
85,new,1724.44,bank_server_down,wallet,7.2,2025-07-06,54,8,0,8,4,6,1,2,0,0,0,discount,True,True,1724.44,10.7,False
88,high_value,20981.25,card_declined,netbanking,7.0,2025-01-24,93,6,4,5,1,3,0,0,2,5,0,none,False,False,0.0,,False
105,new,410.19,bank_server_down,card,1.9,2026-04-22,83,13,7,8,2,3,0,1,1,2,0,none,False,True,410.19,59.5,False
49,high_value,37255.46,insufficient_funds,wallet,0.5,2025-11-21,97,12,2,12,0,2,2,5,1,4,0,none,False,False,0.0,,False
116,high_value,25582.45,bank_server_down,card,9.6,2025-01-03,87,8,2,7,2,5,0,3,0,4,2,email,True,False,0.0,,False
150,regular,4121.99,bank_server_down,card,6.9,2025-03-30,42,11,4,9,1,4,0,0,0,1,0,discount,True,True,4121.99,28.9,False
83,high_value,27684.96,network_error,wallet,9.8,2026-04-14,17,3,2,3,3,6,4,6,4,6,0,discount,True,True,27684.96,16.5,False
76,regular,3896.34,timeout,card,4.1,2025-12-25,46,11,5,7,4,4,3,6,0,3,0,none,False,False,0.0,,False
180,regular,4608.54,card_declined,card,2.0,2025-11-16,47,13,4,10,3,5,5,6,0,0,0,discount,True,False,0.0,,False
34,regular,7860.02,timeout,netbanking,7.1,2026-01-25,18,5,5,1,1,5,6,6,1,3,0,whatsapp,True,False,0.0,,False
171,new,2159.36,bank_server_down,netbanking,8.8,2025-08-05,52,3,4,2,1,5,0,0,0,0,0,none,False,True,2159.36,2.8,False
38,regular,897.99,insufficient_funds,card,2.7,2026-02-07,100,9,5,7,3,4,0,0,4,5,0,whatsapp,True,True,897.99,40.3,False
177,regular,6382.68,timeout,upi,3.6,2025-08-20,7,8,2,7,0,4,0,2,1,6,1,retry,True,False,0.0,,False
144,regular,6986.31,bank_server_down,wallet,2.4,2026-02-06,99,13,3,10,1,4,1,1,0,6,0,human_followup,True,False,0.0,,False
13,regular,7448.64,network_error,wallet,9.6,2026-05-15,59,7,5,4,1,5,2,2,1,5,0,discount,True,False,0.0,,False
65,high_value,14138.93,network_error,card,9.1,2025-12-27,67,11,5,6,3,5,0,2,1,5,0,discount,True,True,14138.93,35.5,False
51,high_value,39926.6,timeout,netbanking,4.5,2025-12-16,48,4,5,1,0,4,4,6,1,4,0,retry,True,False,0.0,,False
132,new,446.13,insufficient_funds,wallet,2.8,2025-05-16,46,3,5,1,0,0,3,5,1,3,0,retry,True,False,0.0,,False
66,new,116.37,network_error,card,0.4,2026-04-21,60,14,5,10,1,3,1,3,2,5,0,whatsapp,True,True,116.37,29.6,False
170,high_value,18551.97,bank_server_down,netbanking,0.7,2025-12-29,8,10,3,8,0,3,0,0,0,3,2,whatsapp,True,False,0.0,,True
18,regular,6396.94,timeout,wallet,5.4,2025-07-26,21,0,2,0,1,5,0,0,0,0,0,retry,True,True,6396.94,10.3,False
85,new,1060.09,card_declined,card,9.5,2025-11-13,54,8,0,8,4,6,1,2,0,0,0,email,True,False,0.0,,False
167,high_value,5396.17,card_declined,wallet,2.4,2025-11-25,58,2,2,1,1,3,1,2,5,6,0,voice,True,True,5396.17,32.8,False
83,high_value,22161.77,insufficient_funds,wallet,2.6,2026-01-06,17,3,2,3,3,6,4,6,4,6,0,whatsapp,True,False,0.0,,False
96,new,1591.5,bank_server_down,wallet,4.9,2025-06-01,30,11,2,11,1,5,0,5,2,4,2,none,False,True,1591.5,37.5,False
25,regular,1755.46,bank_server_down,upi,6.3,2025-04-18,91,10,1,10,0,2,0,0,0,0,2,discount,True,False,0.0,,False
109,regular,6767.49,timeout,wallet,6.5,2026-04-27,58,8,1,8,1,6,3,6,0,2,0,retry,True,False,0.0,,False
7,regular,3944.19,card_declined,upi,0.9,2025-01-28,19,12,4,10,2,2,2,5,2,6,0,whatsapp,True,True,3944.19,39.5,True
67,new,1282.14,network_error,wallet,4.3,2025-01-09,21,6,7,1,1,4,0,3,4,6,0,whatsapp,True,True,1282.14,34.6,False
17,new,2292.29,bank_server_down,upi,7.0,2025-02-07,90,14,5,9,2,6,2,5,3,5,0,whatsapp,True,True,2292.29,33.0,False
156,regular,1148.79,network_error,wallet,4.0,2025-12-05,20,0,2,0,3,6,1,2,1,3,0,retry,True,True,1148.79,10.6,False
101,new,2410.63,bank_server_down,netbanking,9.6,2025-03-15,84,12,6,8,2,5,1,4,2,4,0,whatsapp,True,False,0.0,,False
166,regular,3298.48,insufficient_funds,card,1.2,2025-01-03,98,10,4,7,2,4,1,1,1,5,0,voice,True,True,3298.48,4.2,False
54,regular,6112.22,card_declined,card,4.1,2025-11-27,34,12,4,9,0,3,2,6,0,2,0,none,False,True,6112.22,14.1,False
158,regular,6760.61,timeout,upi,1.8,2026-02-14,93,13,7,8,0,0,4,6,2,5,0,voice,True,True,6760.61,47.5,False
141,new,1437.67,bank_server_down,upi,2.9,2025-02-04,62,12,5,8,0,2,3,4,0,2,0,whatsapp,True,True,1437.67,45.7,False
92,regular,1461.61,timeout,upi,2.9,2025-02-05,38,12,4,8,2,6,0,0,0,1,0,none,False,True,1461.61,33.0,False
158,regular,5445.67,bank_server_down,card,5.7,2025-07-06,93,13,7,8,0,0,4,6,2,5,0,none,False,False,0.0,,False
44,new,114.01,timeout,card,7.1,2025-11-25,61,13,6,9,0,0,0,3,3,4,0,email,True,False,0.0,,True
85,new,2645.87,network_error,wallet,3.6,2025-06-06,54,8,0,8,4,6,1,2,0,0,0,email,True,True,2645.87,4.0,False
72,regular,6940.35,timeout,card,2.6,2026-03-30,60,4,3,1,0,0,0,3,4,4,0,voice,True,True,6940.35,40.8,False
162,regular,733.96,bank_server_down,wallet,7.7,2025-04-19,94,1,1,1,0,0,1,1,0,2,0,none,False,True,733.96,39.6,False
139,high_value,26244.68,timeout,netbanking,3.9,2026-04-02,35,15,7,10,0,2,0,6,0,6,0,human_followup,True,False,0.0,,True
119,regular,4258.42,insufficient_funds,wallet,3.6,2025-01-06,69,7,1,7,0,2,0,4,0,2,1,discount,True,False,0.0,,False
158,regular,5631.21,bank_server_down,card,4.5,2025-04-02,93,13,7,8,0,0,4,6,2,5,0,voice,True,True,5631.21,7.1,False
124,regular,7543.81,insufficient_funds,card,7.6,2025-04-29,38,9,4,7,0,2,0,0,0,6,0,retry,True,False,0.0,,False
11,regular,5514.39,bank_server_down,netbanking,3.9,2026-04-15,36,15,7,11,1,6,5,6,4,6,0,email,True,True,5514.39,15.6,False
134,new,1937.34,card_declined,netbanking,5.8,2025-10-19,76,5,6,2,4,4,2,4,0,3,0,whatsapp,True,True,1937.34,31.4,False
20,high_value,28249.83,network_error,card,5.2,2025-06-30,57,4,2,3,0,0,1,1,0,2,0,none,False,True,28249.83,57.3,False
155,new,119.13,timeout,wallet,1.7,2025-02-09,97,3,5,0,3,5,0,0,0,1,0,email,True,True,119.13,7.6,False
155,new,2180.18,insufficient_funds,card,4.1,2025-06-19,97,3,5,0,3,5,0,0,0,1,0,discount,True,True,2180.18,10.2,False
42,new,1977.05,network_error,upi,2.4,2025-03-07,25,9,5,4,1,1,0,0,1,1,0,voice,True,True,1977.05,2.0,False
147,regular,1601.49,timeout,netbanking,9.2,2025-09-22,45,9,2,8,2,6,2,4,1,6,2,none,False,False,0.0,,False
145,new,1949.11,card_declined,upi,2.2,2025-11-07,72,9,8,4,5,5,0,3,0,2,0,none,False,False,0.0,,False
44,new,736.16,network_error,card,7.9,2026-02-25,61,13,6,9,0,0,0,3,3,4,0,human_followup,True,False,0.0,,False
43,regular,5931.4,card_declined,wallet,6.0,2025-02-05,41,4,1,4,4,5,0,6,1,2,0,whatsapp,True,True,5931.4,9.8,False
130,regular,5632.76,timeout,upi,1.8,2026-04-07,77,14,5,11,1,6,2,4,1,4,2,voice,True,True,5632.76,24.2,True
31,regular,1198.92,timeout,upi,9.0,2026-02-01,55,11,4,7,2,4,3,3,1,3,0,discount,True,True,1198.92,42.0,False
179,regular,4473.62,timeout,wallet,7.9,2025-07-15,53,11,2,10,0,2,0,1,1,5,2,whatsapp,True,False,0.0,,False
179,regular,4820.91,network_error,card,2.5,2026-01-28,53,11,2,10,0,2,0,1,1,5,2,whatsapp,True,False,0.0,,True
140,regular,3564.85,timeout,upi,7.1,2026-02-09,26,2,3,1,4,5,0,2,0,0,0,retry,True,True,3564.85,25.0,False
97,new,1998.18,card_declined,wallet,3.6,2025-03-21,68,14,4,10,0,5,2,3,3,3,2,email,True,False,0.0,,True
138,high_value,24060.27,card_declined,netbanking,9.9,2025-07-23,55,8,5,5,1,2,2,4,1,5,0,human_followup,True,True,24060.27,23.2,False
95,regular,4693.2,network_error,netbanking,9.9,2025-10-23,21,11,3,8,0,2,1,5,3,6,0,whatsapp,True,False,0.0,,False
169,regular,1393.14,timeout,wallet,7.8,2026-05-02,64,2,4,1,0,2,6,6,2,6,0,whatsapp,True,True,1393.14,16.3,False
141,new,1880.67,insufficient_funds,card,3.9,2025-11-22,62,12,5,8,0,2,3,4,0,2,0,retry,True,True,1880.67,7.1,False
154,high_value,24591.98,insufficient_funds,netbanking,2.2,2025-02-10,93,10,4,7,0,1,1,2,1,2,0,voice,True,False,0.0,,False
103,high_value,32628.45,bank_server_down,netbanking,7.1,2025-11-02,81,17,5,12,1,3,1,4,3,5,0,retry,True,False,0.0,,False
45,regular,5302.18,network_error,upi,2.0,2025-12-03,91,0,1,0,1,6,1,6,3,5,0,none,False,True,5302.18,14.8,False
154,high_value,27974.65,timeout,card,6.7,2025-07-04,93,10,4,7,0,1,1,2,1,2,0,whatsapp,True,True,27974.65,47.8,False
103,high_value,20890.74,network_error,wallet,5.9,2025-09-23,81,17,5,12,1,3,1,4,3,5,0,retry,True,False,0.0,,False
24,regular,4621.94,bank_server_down,netbanking,3.5,2026-02-22,91,13,8,8,1,5,0,2,3,4,2,whatsapp,True,False,0.0,,True
104,regular,4811.8,card_declined,card,4.1,2025-02-24,45,3,3,3,3,3,0,6,2,4,0,voice,True,True,4811.8,5.7,False
132,new,2874.46,bank_server_down,netbanking,6.9,2026-05-10,46,3,5,1,0,0,3,5,1,3,0,whatsapp,True,True,2874.46,16.4,False
118,high_value,35671.76,bank_server_down,upi,4.8,2025-05-13,31,9,1,9,0,0,0,0,2,4,0,retry,True,False,0.0,,False
57,regular,5576.85,timeout,netbanking,4.1,2025-06-30,9,12,5,10,0,4,2,3,0,2,1,email,True,True,5576.85,12.0,False
24,regular,3491.98,card_declined,upi,5.5,2025-04-02,91,13,8,8,1,5,0,2,3,4,2,email,True,False,0.0,,False
69,regular,1870.88,timeout,wallet,7.4,2025-05-01,94,1,3,0,3,6,0,1,0,0,0,discount,True,False,0.0,,False
52,regular,6762.05,bank_server_down,netbanking,1.6,2025-02-24,61,6,5,1,0,1,0,0,0,0,0,retry,True,True,6762.05,45.9,False
127,regular,5103.7,bank_server_down,upi,8.5,2025-07-10,13,7,6,2,3,5,1,4,2,3,0,voice,True,True,5103.7,43.1,False
71,new,1523.34,bank_server_down,netbanking,4.0,2026-01-20,41,8,3,5,5,5,2,4,4,6,0,voice,True,True,1523.34,23.0,False
139,high_value,6465.32,card_declined,wallet,8.6,2026-02-02,35,15,7,10,0,2,0,6,0,6,0,whatsapp,True,False,0.0,,False
118,high_value,19204.31,insufficient_funds,upi,6.7,2025-07-14,31,9,1,9,0,0,0,0,2,4,0,voice,True,True,19204.31,12.5,False
141,new,862.26,card_declined,wallet,9.6,2025-06-25,62,12,5,8,0,2,3,4,0,2,0,whatsapp,True,False,0.0,,False
180,regular,6141.47,card_declined,wallet,2.8,2025-04-03,47,13,4,10,3,5,5,6,0,0,0,voice,True,False,0.0,,False
26,new,2190.36,timeout,wallet,8.6,2025-04-11,58,9,3,9,1,5,2,5,0,1,0,whatsapp,True,False,0.0,,True
3,new,612.16,network_error,card,10.0,2026-03-11,53,2,1,1,0,2,0,1,1,1,0,voice,True,True,612.16,23.4,False
65,high_value,30296.23,bank_server_down,upi,4.0,2025-12-20,67,11,5,6,3,5,0,2,1,5,0,whatsapp,True,True,30296.23,40.3,False
25,regular,3873.91,card_declined,netbanking,3.6,2025-10-14,91,10,1,10,0,2,0,0,0,0,2,voice,True,False,0.0,,True
106,regular,1409.28,bank_server_down,card,5.8,2025-11-29,76,8,5,5,1,6,0,2,1,2,0,voice,True,True,1409.28,17.1,False
173,regular,4328.33,network_error,upi,3.8,2025-05-27,40,6,2,5,1,2,4,4,1,4,0,email,True,False,0.0,,False
164,regular,6557.88,card_declined,wallet,6.3,2025-10-20,10,13,1,12,0,6,1,6,2,5,1,email,True,False,0.0,,True
88,high_value,15269.81,card_declined,netbanking,7.1,2025-11-06,93,6,4,5,1,3,0,0,2,5,0,voice,True,True,15269.81,41.4,False
93,regular,6109.22,bank_server_down,wallet,4.1,2025-04-05,90,6,7,1,0,2,0,2,2,5,0,none,False,True,6109.22,17.7,False
65,high_value,47319.68,insufficient_funds,card,1.7,2025-02-22,67,11,5,6,3,5,0,2,1,5,0,retry,True,False,0.0,,False
122,new,1690.46,insufficient_funds,wallet,5.2,2025-02-12,11,5,1,5,0,2,0,0,3,6,0,retry,True,False,0.0,,False
22,regular,5411.25,network_error,netbanking,2.3,2026-01-13,27,0,2,0,2,4,1,5,1,1,0,whatsapp,True,False,0.0,,False
44,new,182.86,card_declined,netbanking,8.6,2025-08-28,61,13,6,9,0,0,0,3,3,4,0,none,False,False,0.0,,False
70,new,1690.78,timeout,card,5.9,2025-08-22,48,9,6,6,0,1,3,5,1,6,0,voice,True,False,0.0,,False
135,high_value,33790.39,bank_server_down,netbanking,9.1,2025-09-04,26,14,8,9,1,1,2,2,2,3,0,email,True,False,0.0,,False
94,high_value,23549.17,timeout,netbanking,0.1,2025-09-25,51,6,3,3,1,4,0,0,0,0,0,none,False,False,0.0,,False
89,new,931.61,bank_server_down,upi,6.9,2025-09-09,26,14,7,10,0,5,0,3,0,0,2,none,False,False,0.0,,False
3,new,2321.02,card_declined,card,8.0,2025-10-08,53,2,1,1,0,2,0,1,1,1,0,whatsapp,True,False,0.0,,False
102,regular,2374.22,network_error,wallet,2.2,2025-02-10,83,10,3,9,1,2,4,5,1,4,0,email,True,True,2374.22,43.7,False
178,regular,5634.8,card_declined,netbanking,4.1,2026-03-13,80,3,5,1,0,0,2,2,1,1,0,retry,True,True,5634.8,5.4,False
117,regular,5132.97,card_declined,wallet,1.9,2025-01-10,43,11,0,11,0,3,4,6,0,0,0,whatsapp,True,False,0.0,,True
27,regular,2615.86,timeout,wallet,7.3,2025-04-30,20,4,5,0,1,3,0,4,1,5,0,retry,True,True,2615.86,10.5,False
108,new,1003.57,network_error,netbanking,4.6,2026-02-10,17,10,8,5,1,5,1,3,2,2,0,retry,True,True,1003.57,36.1,False
38,regular,920.29,network_error,upi,5.4,2025-04-03,100,9,5,7,3,4,0,0,4,5,0,whatsapp,True,False,0.0,,False
4,regular,1414.71,timeout,wallet,7.7,2025-08-15,25,13,5,9,2,3,3,4,4,6,0,whatsapp,True,False,0.0,,True
25,regular,4408.54,timeout,wallet,3.9,2026-05-08,91,10,1,10,0,2,0,0,0,0,2,whatsapp,True,False,0.0,,True
11,regular,6085.43,bank_server_down,upi,2.5,2025-11-23,36,15,7,11,1,6,5,6,4,6,0,whatsapp,True,True,6085.43,32.0,True
29,new,784.3,network_error,netbanking,0.2,2026-02-11,58,8,5,6,0,0,0,1,0,3,0,whatsapp,True,True,784.3,0.5,False
11,regular,4858.08,network_error,card,3.7,2025-02-15,36,15,7,11,1,6,5,6,4,6,0,whatsapp,True,False,0.0,,False
87,high_value,46888.2,insufficient_funds,upi,3.6,2025-03-20,74,8,7,4,2,3,1,2,4,5,0,discount,True,False,0.0,,False
60,high_value,19253.28,bank_server_down,netbanking,8.1,2025-08-13,54,11,5,7,0,3,0,4,0,0,1,discount,True,True,19253.28,34.8,True
65,high_value,45439.84,network_error,wallet,5.6,2025-10-05,67,11,5,6,3,5,0,2,1,5,0,discount,True,True,45439.84,16.8,False
120,regular,2564.93,bank_server_down,card,0.7,2025-03-21,76,6,2,4,0,4,2,3,1,3,0,email,True,False,0.0,,False
117,regular,505.4,bank_server_down,wallet,7.3,2026-03-29,43,11,0,11,0,3,4,6,0,0,0,retry,True,False,0.0,,False
159,regular,2290.9,insufficient_funds,wallet,1.9,2025-12-16,45,8,2,8,1,1,0,6,0,0,0,email,True,False,0.0,,False
83,high_value,23441.2,card_declined,upi,1.0,2025-12-04,17,3,2,3,3,6,4,6,4,6,0,retry,True,False,0.0,,False
34,regular,1839.79,insufficient_funds,card,1.1,2025-04-09,18,5,5,1,1,5,6,6,1,3,0,retry,True,False,0.0,,False
100,regular,5434.41,bank_server_down,netbanking,0.5,2025-04-24,41,7,6,4,4,4,0,2,1,3,0,voice,True,True,5434.41,10.1,False
126,regular,7463.03,insufficient_funds,wallet,8.0,2025-02-01,97,8,2,7,0,4,0,0,1,4,2,whatsapp,True,False,0.0,,False
95,regular,6456.87,insufficient_funds,netbanking,5.3,2026-01-11,21,11,3,8,0,2,1,5,3,6,0,retry,True,True,6456.87,45.3,False
133,regular,1228.39,timeout,wallet,1.9,2025-09-27,24,12,2,12,0,3,1,2,1,2,1,voice,True,False,0.0,,False
143,high_value,38713.75,network_error,upi,7.7,2025-10-23,71,15,6,10,1,1,0,2,0,1,0,whatsapp,True,True,38713.75,42.4,False
43,regular,6443.46,bank_server_down,wallet,5.0,2025-12-03,41,4,1,4,4,5,0,6,1,2,0,whatsapp,True,False,0.0,,False
91,regular,7268.64,bank_server_down,netbanking,8.4,2025-07-31,78,8,3,5,0,1,2,3,0,0,0,human_followup,True,True,7268.64,29.2,False
145,new,1682.32,network_error,netbanking,3.6,2025-08-20,72,9,8,4,5,5,0,3,0,2,0,email,True,False,0.0,,False
73,high_value,31809.33,bank_server_down,card,9.9,2025-06-04,16,15,5,12,1,3,3,4,3,6,0,retry,True,False,0.0,,False
55,new,2581.59,insufficient_funds,netbanking,9.2,2025-09-19,18,6,6,3,0,1,0,2,1,2,0,voice,True,False,0.0,,False
10,new,1435.07,timeout,card,2.6,2026-04-01,80,5,1,5,1,1,2,5,1,1,0,voice,True,True,1435.07,4.5,False
103,high_value,30607.92,timeout,upi,7.2,2026-02-10,81,17,5,12,1,3,1,4,3,5,0,email,True,False,0.0,,False
180,regular,4821.74,insufficient_funds,netbanking,0.4,2026-02-18,47,13,4,10,3,5,5,6,0,0,0,voice,True,True,4821.74,37.0,True
90,regular,7098.44,network_error,wallet,9.3,2025-03-03,8,9,5,5,0,1,2,5,2,3,0,none,False,True,7098.44,47.3,False
155,new,2793.09,network_error,upi,3.0,2025-01-22,97,3,5,0,3,5,0,0,0,1,0,whatsapp,True,True,2793.09,33.5,False
40,new,246.51,network_error,wallet,7.5,2025-10-22,28,12,5,9,0,0,0,2,1,6,2,email,True,False,0.0,,True
101,new,529.24,card_declined,upi,4.8,2026-01-17,84,12,6,8,2,5,1,4,2,4,0,retry,True,False,0.0,,False
22,regular,3488.95,network_error,card,7.6,2025-09-04,27,0,2,0,2,4,1,5,1,1,0,voice,True,True,3488.95,9.5,False
158,regular,7978.09,bank_server_down,card,2.4,2025-05-17,93,13,7,8,0,0,4,6,2,5,0,human_followup,True,True,7978.09,4.4,False
172,new,1299.39,card_declined,netbanking,1.9,2025-06-26,64,12,0,12,0,0,0,1,1,3,2,voice,True,True,1299.39,47.4,True
158,regular,6661.88,network_error,card,4.4,2026-04-19,93,13,7,8,0,0,4,6,2,5,0,none,False,True,6661.88,27.5,False
22,regular,1342.79,insufficient_funds,card,9.5,2026-04-20,27,0,2,0,2,4,1,5,1,1,0,whatsapp,True,False,0.0,,False
88,high_value,36220.79,insufficient_funds,netbanking,4.5,2025-01-12,93,6,4,5,1,3,0,0,2,5,0,whatsapp,True,False,0.0,,False
140,regular,4424.49,card_declined,wallet,6.2,2025-03-14,26,2,3,1,4,5,0,2,0,0,0,discount,True,False,0.0,,False
170,high_value,28705.96,card_declined,card,0.6,2025-04-13,8,10,3,8,0,3,0,0,0,3,2,human_followup,True,False,0.0,,True
168,new,2841.01,insufficient_funds,wallet,6.6,2025-12-06,60,5,4,1,3,5,2,5,0,1,0,none,False,False,0.0,,False
28,high_value,5858.52,network_error,card,9.8,2025-09-18,71,5,3,4,2,3,2,2,3,4,0,none,False,True,5858.52,23.4,False
153,regular,4486.7,timeout,card,5.0,2025-08-23,68,6,4,3,2,2,1,4,2,5,0,voice,True,False,0.0,,True
136,regular,2786.96,network_error,wallet,7.4,2025-01-10,63,15,5,11,0,0,1,1,1,3,0,whatsapp,True,True,2786.96,11.4,False
129,new,900.05,insufficient_funds,netbanking,8.8,2026-04-01,63,3,5,1,2,4,0,0,1,5,0,none,False,False,0.0,,False
143,high_value,47710.24,timeout,card,3.4,2025-07-21,71,15,6,10,1,1,0,2,0,1,0,voice,True,True,47710.24,46.1,True
157,high_value,44271.57,timeout,wallet,2.4,2025-03-20,83,5,4,1,2,5,3,4,2,6,0,email,True,True,44271.57,21.6,False
34,regular,2050.68,timeout,card,8.6,2025-06-08,18,5,5,1,1,5,6,6,1,3,0,discount,True,False,0.0,,False
111,regular,7967.64,timeout,card,3.2,2025-10-13,46,3,4,2,1,1,1,3,0,2,0,email,True,False,0.0,,False
38,regular,5953.1,card_declined,wallet,9.6,2025-06-05,100,9,5,7,3,4,0,0,4,5,0,email,True,False,0.0,,False
71,new,540.68,timeout,upi,1.3,2025-01-14,41,8,3,5,5,5,2,4,4,6,0,human_followup,True,False,0.0,,False
146,regular,5092.72,bank_server_down,card,2.3,2025-01-14,19,2,3,1,0,1,0,1,3,3,0,whatsapp,True,False,0.0,,False
129,new,2553.8,network_error,netbanking,1.8,2025-07-18,63,3,5,1,2,4,0,0,1,5,0,email,True,True,2553.8,1.6,False
4,regular,7440.76,network_error,card,7.4,2025-04-14,25,13,5,9,2,3,3,4,4,6,0,human_followup,True,True,7440.76,47.3,False
158,regular,4174.57,card_declined,wallet,8.9,2025-08-07,93,13,7,8,0,0,4,6,2,5,0,email,True,True,4174.57,18.3,False
81,regular,3456.13,bank_server_down,upi,5.2,2025-08-20,64,5,5,3,1,6,0,1,0,0,0,email,True,False,0.0,,False
63,new,1604.24,network_error,upi,5.6,2025-09-22,21,8,0,8,0,0,1,2,1,2,1,human_followup,True,False,0.0,,True
113,regular,3485.3,card_declined,netbanking,4.6,2025-08-05,73,11,8,6,3,6,0,3,0,0,0,whatsapp,True,False,0.0,,False
37,new,1444.38,network_error,upi,7.2,2025-02-27,93,15,5,11,0,3,0,0,1,2,0,whatsapp,True,False,0.0,,False
140,regular,1514.8,network_error,netbanking,4.5,2025-04-02,26,2,3,1,4,5,0,2,0,0,0,email,True,False,0.0,,False
117,regular,1176.35,card_declined,card,7.2,2025-03-05,43,11,0,11,0,3,4,6,0,0,0,retry,True,False,0.0,,False
163,regular,3222.08,bank_server_down,wallet,7.3,2026-05-15,98,6,3,5,0,0,4,6,1,5,0,email,True,False,0.0,,False
98,new,227.33,timeout,netbanking,5.7,2025-12-04,21,13,5,11,3,6,0,0,0,0,0,none,False,True,227.33,11.3,False
14,high_value,23881.18,card_declined,wallet,2.9,2025-04-03,28,4,4,0,0,0,2,4,1,4,0,retry,True,True,23881.18,9.8,False
160,regular,6240.47,insufficient_funds,wallet,5.0,2025-09-13,12,5,1,4,5,6,2,5,0,1,0,email,True,True,6240.47,11.5,False
151,regular,5446.03,network_error,wallet,4.4,2025-11-04,94,9,6,4,5,6,0,1,0,2,0,voice,True,True,5446.03,29.8,False
143,high_value,41905.46,timeout,upi,1.8,2025-01-29,71,15,6,10,1,1,0,2,0,1,0,voice,True,True,41905.46,32.0,False
155,new,965.48,insufficient_funds,upi,1.1,2025-04-02,97,3,5,0,3,5,0,0,0,1,0,whatsapp,True,True,965.48,33.6,False
147,regular,6404.81,timeout,wallet,7.5,2025-07-04,45,9,2,8,2,6,2,4,1,6,2,none,False,True,6404.81,22.2,False
95,regular,7231.47,insufficient_funds,wallet,8.4,2025-02-03,21,11,3,8,0,2,1,5,3,6,0,whatsapp,True,True,7231.47,13.2,False
135,high_value,23619.11,timeout,card,6.1,2025-02-25,26,14,8,9,1,1,2,2,2,3,0,voice,True,False,0.0,,False
23,regular,4127.47,bank_server_down,netbanking,4.3,2026-03-11,51,12,5,8,3,3,1,2,0,2,0,whatsapp,True,True,4127.47,17.0,False
34,regular,5107.17,network_error,wallet,4.9,2025-04-03,18,5,5,1,1,5,6,6,1,3,0,none,False,True,5107.17,21.6,False
50,new,104.58,insufficient_funds,wallet,6.3,2025-03-02,45,6,3,3,0,5,1,5,4,6,0,human_followup,True,True,104.58,20.0,False
12,high_value,20020.65,bank_server_down,card,0.1,2025-04-14,11,11,4,7,0,5,0,1,2,3,0,discount,True,True,20020.65,14.5,True
141,new,1039.38,insufficient_funds,upi,6.9,2025-06-24,62,12,5,8,0,2,3,4,0,2,0,email,True,True,1039.38,40.0,False
50,new,1058.49,card_declined,wallet,9.2,2026-02-13,45,6,3,3,0,5,1,5,4,6,0,retry,True,True,1058.49,7.5,False
118,high_value,45142.62,bank_server_down,netbanking,4.6,2026-02-21,31,9,1,9,0,0,0,0,2,4,0,email,True,False,0.0,,False
77,high_value,30422.42,card_declined,upi,2.1,2025-12-17,85,8,2,6,3,5,2,6,1,2,0,whatsapp,True,False,0.0,,False
17,new,2911.88,card_declined,upi,3.4,2025-07-12,90,14,5,9,2,6,2,5,3,5,0,voice,True,False,0.0,,False
100,regular,1905.34,insufficient_funds,netbanking,7.1,2025-06-11,41,7,6,4,4,4,0,2,1,3,0,discount,True,True,1905.34,42.1,False
96,new,1410.53,card_declined,card,5.3,2025-03-31,30,11,2,11,1,5,0,5,2,4,2,retry,True,False,0.0,,False
52,regular,7350.15,network_error,upi,8.0,2026-04-09,61,6,5,1,0,1,0,0,0,0,0,email,True,True,7350.15,35.2,False
135,high_value,18966.14,card_declined,card,7.7,2025-02-20,26,14,8,9,1,1,2,2,2,3,0,none,False,False,0.0,,False
174,regular,7945.4,timeout,upi,4.6,2026-01-01,53,14,4,10,2,6,2,2,1,1,0,none,False,True,7945.4,23.1,False
12,high_value,35917.35,bank_server_down,upi,3.3,2026-04-01,11,11,4,7,0,5,0,1,2,3,0,retry,True,False,0.0,,False
169,regular,6091.66,insufficient_funds,netbanking,6.4,2025-04-18,64,2,4,1,0,2,6,6,2,6,0,whatsapp,True,True,6091.66,15.4,False
113,regular,5533.43,card_declined,card,1.6,2025-02-28,73,11,8,6,3,6,0,3,0,0,0,retry,True,False,0.0,,False
132,new,396.89,bank_server_down,netbanking,5.5,2025-05-19,46,3,5,1,0,0,3,5,1,3,0,whatsapp,True,False,0.0,,False
63,new,596.7,card_declined,netbanking,5.4,2025-01-26,21,8,0,8,0,0,1,2,1,2,1,retry,True,False,0.0,,False
173,regular,878.42,network_error,upi,0.9,2025-07-20,40,6,2,5,1,2,4,4,1,4,0,whatsapp,True,True,878.42,40.2,False
180,regular,3843.77,card_declined,netbanking,3.3,2025-04-12,47,13,4,10,3,5,5,6,0,0,0,discount,True,False,0.0,,False
120,regular,4758.42,insufficient_funds,wallet,1.0,2025-06-08,76,6,2,4,0,4,2,3,1,3,0,discount,True,False,0.0,,False
60,high_value,47635.17,timeout,netbanking,9.1,2025-07-20,54,11,5,7,0,3,0,4,0,0,1,whatsapp,True,False,0.0,,True
84,new,1414.52,insufficient_funds,upi,4.8,2025-06-29,13,11,8,6,0,0,5,6,1,3,0,email,True,False,0.0,,False
90,regular,5033.3,timeout,upi,4.1,2026-01-01,8,9,5,5,0,1,2,5,2,3,0,human_followup,True,True,5033.3,38.1,False
137,regular,3957.31,bank_server_down,wallet,2.4,2025-05-05,43,11,6,6,0,2,1,3,2,2,0,email,True,False,0.0,,False
88,high_value,14370.72,bank_server_down,wallet,7.8,2025-08-11,93,6,4,5,1,3,0,0,2,5,0,voice,True,True,14370.72,8.4,False
172,new,325.89,bank_server_down,wallet,1.1,2025-11-02,64,12,0,12,0,0,0,1,1,3,2,email,True,False,0.0,,True
46,new,993.3,network_error,upi,6.0,2025-12-17,41,8,6,5,1,5,1,2,1,6,0,none,False,False,0.0,,False
98,new,1049.48,insufficient_funds,upi,2.2,2025-03-13,21,13,5,11,3,6,0,0,0,0,0,none,False,False,0.0,,False
163,regular,6573.8,timeout,card,4.5,2025-05-30,98,6,3,5,0,0,4,6,1,5,0,whatsapp,True,False,0.0,,False
175,high_value,44484.14,card_declined,netbanking,9.2,2026-04-25,79,3,5,0,0,1,0,0,1,1,0,email,True,False,0.0,,False
23,regular,4870.45,bank_server_down,wallet,8.5,2026-03-13,51,12,5,8,3,3,1,2,0,2,0,whatsapp,True,True,4870.45,2.6,False
144,regular,6655.65,card_declined,upi,8.6,2026-03-20,99,13,3,10,1,4,1,1,0,6,0,retry,True,False,0.0,,False
152,new,1243.38,card_declined,wallet,4.1,2025-08-11,93,10,6,6,2,2,1,4,0,3,0,email,True,False,0.0,,False
49,high_value,29993.97,card_declined,wallet,1.5,2026-03-23,97,12,2,12,0,2,2,5,1,4,0,discount,True,True,29993.97,0.9,True
125,regular,5434.45,timeout,upi,1.4,2026-02-17,42,15,7,11,0,1,1,1,0,6,2,email,True,False,0.0,,True
155,new,2797.9,bank_server_down,card,4.5,2025-08-06,97,3,5,0,3,5,0,0,0,1,0,email,True,False,0.0,,False
48,new,1331.84,insufficient_funds,wallet,8.5,2025-05-02,68,12,6,7,5,5,0,3,2,4,0,discount,True,True,1331.84,27.7,False
9,regular,7836.75,bank_server_down,wallet,7.0,2025-02-27,96,13,6,8,0,2,2,2,0,0,0,voice,True,False,0.0,,True
135,high_value,49261.06,card_declined,wallet,5.2,2025-09-25,26,14,8,9,1,1,2,2,2,3,0,none,False,True,49261.06,34.5,False
170,high_value,48218.5,insufficient_funds,netbanking,6.1,2026-04-08,8,10,3,8,0,3,0,0,0,3,2,whatsapp,True,False,0.0,,True
132,new,2727.56,bank_server_down,netbanking,4.2,2026-05-07,46,3,5,1,0,0,3,5,1,3,0,none,False,True,2727.56,12.9,False
178,regular,7421.48,card_declined,netbanking,0.6,2025-08-31,80,3,5,1,0,0,2,2,1,1,0,voice,True,True,7421.48,14.1,False
160,regular,704.74,network_error,upi,1.3,2025-02-09,12,5,1,4,5,6,2,5,0,1,0,none,False,True,704.74,10.4,False
72,regular,2564.13,card_declined,upi,7.4,2025-11-06,60,4,3,1,0,0,0,3,4,4,0,whatsapp,True,False,0.0,,False
115,regular,3273.25,timeout,netbanking,7.8,2025-05-01,55,15,5,10,0,2,1,4,0,0,0,email,True,False,0.0,,False
88,high_value,49283.22,timeout,card,8.4,2026-01-21,93,6,4,5,1,3,0,0,2,5,0,none,False,False,0.0,,False
61,high_value,34730.03,timeout,card,5.8,2026-03-08,32,4,2,4,1,3,2,5,0,0,0,whatsapp,True,False,0.0,,False
30,high_value,7363.54,network_error,wallet,4.8,2025-09-01,58,9,5,7,0,4,0,1,1,3,2,human_followup,True,False,0.0,,True
98,new,2082.18,network_error,wallet,2.6,2025-09-29,21,13,5,11,3,6,0,0,0,0,0,none,False,True,2082.18,66.8,False
115,regular,3365.03,card_declined,upi,1.0,2025-09-30,55,15,5,10,0,2,1,4,0,0,0,voice,True,False,0.0,,False
167,high_value,43626.01,card_declined,netbanking,2.7,2025-02-20,58,2,2,1,1,3,1,2,5,6,0,whatsapp,True,False,0.0,,False
173,regular,6118.18,bank_server_down,card,5.2,2025-12-13,40,6,2,5,1,2,4,4,1,4,0,discount,True,True,6118.18,32.3,False
18,regular,589.71,insufficient_funds,upi,6.9,2025-06-29,21,0,2,0,1,5,0,0,0,0,0,whatsapp,True,True,589.71,1.2,False
24,regular,926.61,bank_server_down,card,9.5,2025-11-23,91,13,8,8,1,5,0,2,3,4,2,retry,True,False,0.0,,False
23,regular,6923.31,timeout,wallet,6.6,2026-04-06,51,12,5,8,3,3,1,2,0,2,0,voice,True,False,0.0,,True
29,new,2117.4,card_declined,netbanking,4.7,2026-04-25,58,8,5,6,0,0,0,1,0,3,0,retry,True,False,0.0,,False
71,new,2331.14,card_declined,netbanking,1.6,2025-02-07,41,8,3,5,5,5,2,4,4,6,0,whatsapp,True,True,2331.14,47.8,False
67,new,2871.26,card_declined,card,4.4,2025-09-09,21,6,7,1,1,4,0,3,4,6,0,none,False,True,2871.26,28.9,False
166,regular,4190.43,timeout,wallet,2.2,2025-11-26,98,10,4,7,2,4,1,1,1,5,0,retry,True,True,4190.43,12.5,False
9,regular,1046.9,bank_server_down,netbanking,7.8,2025-01-10,96,13,6,8,0,2,2,2,0,0,0,none,False,True,1046.9,46.5,False
10,new,2027.36,card_declined,card,7.0,2026-04-09,80,5,1,5,1,1,2,5,1,1,0,whatsapp,True,True,2027.36,37.0,False
123,high_value,24622.6,insufficient_funds,card,0.0,2026-05-04,99,1,2,0,0,0,2,5,1,1,0,discount,True,False,0.0,,False
138,high_value,47076.9,card_declined,netbanking,6.8,2025-07-25,55,8,5,5,1,2,2,4,1,5,0,retry,True,False,0.0,,False
166,regular,1180.0,bank_server_down,netbanking,0.8,2025-08-24,98,10,4,7,2,4,1,1,1,5,0,human_followup,True,True,1180.0,26.7,False
99,new,2016.13,card_declined,wallet,9.0,2025-11-19,78,10,3,9,1,5,1,2,1,3,0,discount,True,True,2016.13,21.1,False
49,high_value,11297.43,timeout,upi,7.2,2025-10-31,97,12,2,12,0,2,2,5,1,4,0,whatsapp,True,True,11297.43,30.9,False
128,high_value,29027.3,network_error,upi,0.4,2025-01-29,27,13,8,8,0,0,0,0,2,4,0,whatsapp,True,False,0.0,,False
55,new,2440.6,bank_server_down,wallet,9.4,2026-03-22,18,6,6,3,0,1,0,2,1,2,0,none,False,True,2440.6,42.1,False
19,high_value,6659.5,timeout,wallet,6.5,2025-08-30,60,12,5,8,1,1,0,2,1,6,2,none,False,False,0.0,,False
63,new,2133.76,timeout,upi,1.7,2025-01-26,21,8,0,8,0,0,1,2,1,2,1,none,False,False,0.0,,False
25,regular,3921.38,timeout,upi,8.2,2025-02-24,91,10,1,10,0,2,0,0,0,0,2,retry,True,False,0.0,,False
158,regular,2154.29,timeout,wallet,3.4,2026-03-04,93,13,7,8,0,0,4,6,2,5,0,none,False,False,0.0,,False
84,new,450.33,bank_server_down,card,3.2,2026-05-09,13,11,8,6,0,0,5,6,1,3,0,human_followup,True,False,0.0,,False
86,regular,974.16,card_declined,card,7.6,2025-03-28,74,2,2,2,1,2,2,6,2,3,0,discount,True,True,974.16,44.4,False
11,regular,1500.28,bank_server_down,wallet,7.8,2025-01-09,36,15,7,11,1,6,5,6,4,6,0,none,False,True,1500.28,1.5,False
23,regular,5800.56,bank_server_down,netbanking,4.2,2026-02-18,51,12,5,8,3,3,1,2,0,2,0,human_followup,True,True,5800.56,7.0,True
70,new,1616.95,network_error,card,9.4,2025-11-09,48,9,6,6,0,1,3,5,1,6,0,discount,True,True,1616.95,29.4,False
23,regular,5203.94,card_declined,netbanking,4.2,2025-10-13,51,12,5,8,3,3,1,2,0,2,0,whatsapp,True,True,5203.94,4.7,False
93,regular,6970.48,bank_server_down,card,4.6,2025-11-17,90,6,7,1,0,2,0,2,2,5,0,discount,True,True,6970.48,38.3,False
176,new,2546.97,network_error,wallet,1.8,2025-12-10,50,13,4,12,5,6,1,4,0,4,0,none,False,True,2546.97,26.9,False
54,regular,3760.04,card_declined,wallet,0.4,2026-01-15,34,12,4,9,0,3,2,6,0,2,0,retry,True,False,0.0,,False
41,high_value,40347.14,network_error,upi,0.7,2025-05-01,82,3,3,3,3,4,1,3,0,4,0,discount,True,True,40347.14,9.6,False
174,regular,7237.8,timeout,upi,3.3,2025-02-20,53,14,4,10,2,6,2,2,1,1,0,whatsapp,True,True,7237.8,42.8,True
19,high_value,26194.56,network_error,upi,8.9,2025-03-16,60,12,5,8,1,1,0,2,1,6,2,whatsapp,True,False,0.0,,True
96,new,495.57,timeout,netbanking,9.8,2025-04-14,30,11,2,11,1,5,0,5,2,4,2,whatsapp,True,True,495.57,13.5,True
29,new,2569.79,network_error,wallet,1.7,2025-06-25,58,8,5,6,0,0,0,1,0,3,0,whatsapp,True,True,2569.79,38.2,False
157,high_value,45751.01,bank_server_down,card,0.9,2026-03-15,83,5,4,1,2,5,3,4,2,6,0,email,True,False,0.0,,False
122,new,2527.27,card_declined,upi,7.3,2026-01-12,11,5,1,5,0,2,0,0,3,6,0,none,False,False,0.0,,False
112,new,1780.45,bank_server_down,card,9.1,2026-04-05,25,14,5,11,0,3,0,6,1,1,1,retry,True,False,0.0,,False
11,regular,7934.55,bank_server_down,upi,4.3,2025-07-21,36,15,7,11,1,6,5,6,4,6,0,email,True,False,0.0,,False
116,high_value,27287.83,insufficient_funds,upi,6.9,2025-07-28,87,8,2,7,2,5,0,3,0,4,2,none,False,True,27287.83,22.0,False
166,regular,7992.14,insufficient_funds,wallet,6.7,2025-03-24,98,10,4,7,2,4,1,1,1,5,0,discount,True,False,0.0,,False
7,regular,7823.16,network_error,card,8.7,2025-07-27,19,12,4,10,2,2,2,5,2,6,0,whatsapp,True,False,0.0,,False
163,regular,510.23,insufficient_funds,wallet,8.9,2025-06-20,98,6,3,5,0,0,4,6,1,5,0,email,True,True,510.23,33.5,False
157,high_value,29409.58,timeout,upi,6.2,2025-06-21,83,5,4,1,2,5,3,4,2,6,0,discount,True,True,29409.58,32.4,False
14,high_value,9993.49,card_declined,wallet,6.2,2025-07-07,28,4,4,0,0,0,2,4,1,4,0,whatsapp,True,False,0.0,,False
144,regular,5820.03,timeout,card,9.8,2025-05-03,99,13,3,10,1,4,1,1,0,6,0,email,True,True,5820.03,36.1,False
180,regular,2073.45,timeout,netbanking,3.5,2025-05-17,47,13,4,10,3,5,5,6,0,0,0,email,True,True,2073.45,18.0,True
116,high_value,26880.21,bank_server_down,upi,4.7,2025-09-30,87,8,2,7,2,5,0,3,0,4,2,discount,True,False,0.0,,True
159,regular,3261.09,insufficient_funds,card,8.9,2025-08-23,45,8,2,8,1,1,0,6,0,0,0,retry,True,False,0.0,,False
46,new,936.28,insufficient_funds,upi,1.6,2025-02-27,41,8,6,5,1,5,1,2,1,6,0,discount,True,True,936.28,25.0,False
161,new,165.8,network_error,card,4.7,2025-08-04,44,10,4,6,2,5,0,0,3,3,0,email,True,False,0.0,,False
17,new,163.91,timeout,netbanking,4.1,2025-06-25,90,14,5,9,2,6,2,5,3,5,0,voice,True,False,0.0,,False
171,new,2120.9,bank_server_down,wallet,4.6,2025-10-18,52,3,4,2,1,5,0,0,0,0,0,whatsapp,True,False,0.0,,False
67,new,757.67,card_declined,netbanking,7.7,2025-01-25,21,6,7,1,1,4,0,3,4,6,0,whatsapp,True,True,757.67,29.7,False
42,new,2164.26,card_declined,card,9.7,2026-03-06,25,9,5,4,1,1,0,0,1,1,0,discount,True,False,0.0,,False
42,new,789.93,insufficient_funds,netbanking,5.7,2025-08-14,25,9,5,4,1,1,0,0,1,1,0,whatsapp,True,True,789.93,1.8,False
82,regular,7835.17,timeout,netbanking,4.5,2026-05-15,41,13,5,8,0,0,2,6,6,6,0,whatsapp,True,True,7835.17,19.5,False
128,high_value,39583.32,network_error,netbanking,1.6,2026-05-12,27,13,8,8,0,0,0,0,2,4,0,human_followup,True,False,0.0,,False
76,regular,4054.33,card_declined,card,8.0,2026-01-09,46,11,5,7,4,4,3,6,0,3,0,none,False,False,0.0,,False
177,regular,1342.37,network_error,upi,1.4,2025-10-10,7,8,2,7,0,4,0,2,1,6,1,retry,True,True,1342.37,29.7,False
57,regular,3844.8,insufficient_funds,netbanking,0.6,2025-11-25,9,12,5,10,0,4,2,3,0,2,1,whatsapp,True,False,0.0,,False
72,regular,1967.87,insufficient_funds,wallet,6.8,2026-05-06,60,4,3,1,0,0,0,3,4,4,0,retry,True,False,0.0,,False
50,new,1522.35,bank_server_down,upi,9.1,2025-07-04,45,6,3,3,0,5,1,5,4,6,0,email,True,False,0.0,,False
99,new,1181.21,card_declined,netbanking,3.5,2026-05-16,78,10,3,9,1,5,1,2,1,3,0,email,True,False,0.0,,False
114,new,2250.43,network_error,wallet,2.9,2026-02-17,71,10,3,9,2,3,0,0,2,4,0,discount,True,False,0.0,,False
107,new,504.75,bank_server_down,upi,1.4,2025-06-05,73,11,2,10,0,2,0,1,0,5,2,email,True,False,0.0,,False
17,new,2806.14,bank_server_down,wallet,0.9,2025-07-29,90,14,5,9,2,6,2,5,3,5,0,voice,True,True,2806.14,22.2,True
146,regular,6164.33,timeout,card,1.9,2025-07-15,19,2,3,1,0,1,0,1,3,3,0,whatsapp,True,False,0.0,,False
78,regular,6759.39,card_declined,wallet,5.6,2025-08-26,76,9,2,9,2,3,4,5,2,3,0,whatsapp,True,False,0.0,,True
77,high_value,48021.2,network_error,upi,6.5,2026-04-03,85,8,2,6,3,5,2,6,1,2,0,whatsapp,True,True,48021.2,31.0,False
8,high_value,10370.96,card_declined,wallet,9.9,2025-02-04,44,9,2,9,1,1,2,4,0,6,1,voice,True,False,0.0,,True
112,new,2618.2,network_error,upi,3.7,2026-01-11,25,14,5,11,0,3,0,6,1,1,1,voice,True,False,0.0,,True
15,regular,1596.03,network_error,card,3.6,2025-01-28,35,5,3,4,0,2,0,2,0,0,0,whatsapp,True,False,0.0,,False
92,regular,865.36,card_declined,upi,5.1,2026-01-28,38,12,4,8,2,6,0,0,0,1,0,voice,True,False,0.0,,False
43,regular,4577.84,card_declined,netbanking,2.7,2025-12-24,41,4,1,4,4,5,0,6,1,2,0,discount,True,True,4577.84,39.5,False
4,regular,1527.12,card_declined,netbanking,7.8,2025-07-30,25,13,5,9,2,3,3,4,4,6,0,whatsapp,True,False,0.0,,True
40,new,1559.81,timeout,upi,4.2,2026-04-15,28,12,5,9,0,0,0,2,1,6,2,retry,True,False,0.0,,False
5,regular,4096.39,card_declined,netbanking,1.4,2025-08-15,23,11,8,6,1,2,1,4,0,1,0,none,False,False,0.0,,False
88,high_value,12749.32,card_declined,upi,7.4,2025-03-02,93,6,4,5,1,3,0,0,2,5,0,whatsapp,True,False,0.0,,False
59,regular,2805.71,timeout,card,9.8,2025-08-06,18,14,7,9,2,5,0,1,3,5,0,discount,True,False,0.0,,True
124,regular,6180.01,insufficient_funds,card,1.1,2026-02-11,38,9,4,7,0,2,0,0,0,6,0,discount,True,True,6180.01,43.6,False
12,high_value,7981.13,insufficient_funds,upi,7.8,2026-04-17,11,11,4,7,0,5,0,1,2,3,0,voice,True,True,7981.13,32.2,True
8,high_value,9085.07,card_declined,netbanking,3.5,2026-03-14,44,9,2,9,1,1,2,4,0,6,1,email,True,False,0.0,,True
146,regular,1012.53,bank_server_down,upi,5.3,2026-01-02,19,2,3,1,0,1,0,1,3,3,0,whatsapp,True,True,1012.53,25.8,False
26,new,2780.27,bank_server_down,wallet,3.7,2025-10-29,58,9,3,9,1,5,2,5,0,1,0,whatsapp,True,False,0.0,,True
91,regular,7859.76,network_error,card,5.1,2025-07-28,78,8,3,5,0,1,2,3,0,0,0,retry,True,False,0.0,,False
32,regular,3994.26,bank_server_down,card,5.0,2025-07-04,7,4,3,4,1,5,3,5,1,1,0,discount,True,True,3994.26,15.8,False
30,high_value,22315.15,network_error,netbanking,6.9,2026-03-07,58,9,5,7,0,4,0,1,1,3,2,email,True,False,0.0,,True
110,regular,1915.89,insufficient_funds,wallet,9.4,2025-07-08,47,9,1,8,0,1,4,5,2,6,0,whatsapp,True,False,0.0,,False
27,regular,3472.77,bank_server_down,upi,1.2,2025-07-22,20,4,5,0,1,3,0,4,1,5,0,email,True,False,0.0,,False
44,new,287.66,timeout,netbanking,2.0,2026-03-09,61,13,6,9,0,0,0,3,3,4,0,none,False,True,287.66,60.5,False
128,high_value,17533.32,bank_server_down,netbanking,7.6,2026-02-15,27,13,8,8,0,0,0,0,2,4,0,voice,True,True,17533.32,29.0,False
104,regular,7906.42,bank_server_down,netbanking,1.5,2025-08-21,45,3,3,3,3,3,0,6,2,4,0,retry,True,True,7906.42,23.9,False
161,new,2832.97,insufficient_funds,upi,7.4,2026-03-02,44,10,4,6,2,5,0,0,3,3,0,retry,True,False,0.0,,False
46,new,1209.64,card_declined,card,3.0,2025-11-16,41,8,6,5,1,5,1,2,1,6,0,retry,True,True,1209.64,36.1,False
127,regular,6445.49,timeout,netbanking,6.6,2025-09-09,13,7,6,2,3,5,1,4,2,3,0,email,True,False,0.0,,False
139,high_value,29597.9,insufficient_funds,wallet,8.8,2025-03-02,35,15,7,10,0,2,0,6,0,6,0,whatsapp,True,True,29597.9,22.1,False
9,regular,1826.52,card_declined,card,4.9,2025-03-10,96,13,6,8,0,2,2,2,0,0,0,whatsapp,True,True,1826.52,27.3,False
126,regular,5450.59,bank_server_down,wallet,4.8,2026-03-14,97,8,2,7,0,4,0,0,1,4,2,whatsapp,True,False,0.0,,True
152,new,2915.53,bank_server_down,netbanking,7.7,2025-05-26,93,10,6,6,2,2,1,4,0,3,0,whatsapp,True,True,2915.53,40.2,True
90,regular,6571.65,bank_server_down,upi,7.7,2025-11-17,8,9,5,5,0,1,2,5,2,3,0,whatsapp,True,True,6571.65,17.2,False
90,regular,923.37,timeout,card,2.3,2025-06-09,8,9,5,5,0,1,2,5,2,3,0,voice,True,False,0.0,,True
79,high_value,10151.21,timeout,upi,5.4,2025-01-20,24,13,2,12,0,0,1,2,5,6,0,email,True,False,0.0,,False
108,new,873.19,network_error,upi,9.9,2025-07-13,17,10,8,5,1,5,1,3,2,2,0,voice,True,True,873.19,23.5,True
177,regular,5563.33,card_declined,wallet,5.0,2026-01-27,7,8,2,7,0,4,0,2,1,6,1,discount,True,True,5563.33,46.5,True
52,regular,4227.14,insufficient_funds,card,2.9,2025-01-25,61,6,5,1,0,1,0,0,0,0,0,whatsapp,True,False,0.0,,False
160,regular,6071.66,insufficient_funds,upi,5.9,2025-05-20,12,5,1,4,5,6,2,5,0,1,0,retry,True,False,0.0,,False
122,new,1338.61,card_declined,upi,6.5,2025-06-04,11,5,1,5,0,2,0,0,3,6,0,email,True,True,1338.61,15.1,False
107,new,1266.67,bank_server_down,wallet,6.7,2025-10-08,73,11,2,10,0,2,0,1,0,5,2,whatsapp,True,True,1266.67,41.4,True
148,new,1547.69,network_error,netbanking,9.4,2025-09-30,75,5,6,2,2,4,0,2,3,6,0,none,False,False,0.0,,False
112,new,2810.44,insufficient_funds,card,3.6,2025-03-17,25,14,5,11,0,3,0,6,1,1,1,whatsapp,True,False,0.0,,False
112,new,1289.75,insufficient_funds,card,8.5,2025-05-17,25,14,5,11,0,3,0,6,1,1,1,none,False,False,0.0,,False
66,new,2091.88,timeout,wallet,2.4,2025-03-18,60,14,5,10,1,3,1,3,2,5,0,whatsapp,True,True,2091.88,22.3,False
144,regular,7934.7,network_error,upi,2.0,2025-05-20,99,13,3,10,1,4,1,1,0,6,0,whatsapp,True,True,7934.7,31.7,False
46,new,1968.45,insufficient_funds,wallet,7.8,2025-01-29,41,8,6,5,1,5,1,2,1,6,0,none,False,True,1968.45,43.7,False
17,new,2711.67,network_error,netbanking,6.7,2026-03-30,90,14,5,9,2,6,2,5,3,5,0,retry,True,False,0.0,,False
36,new,784.52,bank_server_down,upi,5.2,2026-03-01,48,6,6,3,0,0,2,3,2,6,0,voice,True,False,0.0,,False
128,high_value,44805.42,timeout,upi,7.7,2025-06-10,27,13,8,8,0,0,0,0,2,4,0,whatsapp,True,False,0.0,,False
61,high_value,47097.5,timeout,card,1.1,2025-04-20,32,4,2,4,1,3,2,5,0,0,0,none,False,True,47097.5,19.1,False
151,regular,919.44,bank_server_down,netbanking,7.0,2025-02-27,94,9,6,4,5,6,0,1,0,2,0,whatsapp,True,True,919.44,46.2,False
38,regular,3222.49,card_declined,netbanking,0.2,2026-05-11,100,9,5,7,3,4,0,0,4,5,0,none,False,True,3222.49,53.5,False
14,high_value,36080.71,timeout,netbanking,5.5,2025-06-08,28,4,4,0,0,0,2,4,1,4,0,voice,True,False,0.0,,False
176,new,453.96,timeout,wallet,3.9,2026-04-11,50,13,4,12,5,6,1,4,0,4,0,none,False,False,0.0,,False
66,new,972.58,timeout,netbanking,2.1,2026-04-01,60,14,5,10,1,3,1,3,2,5,0,whatsapp,True,True,972.58,39.0,False
165,new,1278.24,insufficient_funds,netbanking,8.7,2026-02-26,13,12,3,12,1,3,0,0,1,4,0,human_followup,True,True,1278.24,44.5,False
86,regular,5880.4,insufficient_funds,card,7.0,2025-09-17,74,2,2,2,1,2,2,6,2,3,0,retry,True,False,0.0,,False
141,new,2239.58,network_error,upi,7.6,2025-11-25,62,12,5,8,0,2,3,4,0,2,0,voice,True,False,0.0,,False
35,regular,523.07,timeout,netbanking,3.1,2025-02-12,83,16,7,11,0,6,0,1,0,0,1,retry,True,True,523.07,34.3,False
167,high_value,39342.32,bank_server_down,wallet,7.9,2025-06-13,58,2,2,1,1,3,1,2,5,6,0,email,True,False,0.0,,False
45,regular,5656.0,card_declined,netbanking,2.0,2025-08-01,91,0,1,0,1,6,1,6,3,5,0,whatsapp,True,True,5656.0,40.1,False
147,regular,2183.65,insufficient_funds,card,9.1,2026-05-14,45,9,2,8,2,6,2,4,1,6,2,email,True,False,0.0,,False
13,regular,3507.76,network_error,netbanking,1.5,2026-05-06,59,7,5,4,1,5,2,2,1,5,0,whatsapp,True,False,0.0,,False
135,high_value,24582.14,network_error,wallet,1.2,2026-01-01,26,14,8,9,1,1,2,2,2,3,0,whatsapp,True,False,0.0,,False
69,regular,2659.71,network_error,wallet,1.3,2026-03-15,94,1,3,0,3,6,0,1,0,0,0,whatsapp,True,True,2659.71,34.9,False
49,high_value,23824.89,network_error,card,0.3,2026-05-15,97,12,2,12,0,2,2,5,1,4,0,whatsapp,True,False,0.0,,False
95,regular,4871.77,network_error,upi,0.1,2025-03-10,21,11,3,8,0,2,1,5,3,6,0,none,False,False,0.0,,False
102,regular,5651.39,network_error,wallet,7.4,2025-05-12,83,10,3,9,1,2,4,5,1,4,0,retry,True,False,0.0,,False
14,high_value,19978.81,timeout,wallet,9.1,2025-11-07,28,4,4,0,0,0,2,4,1,4,0,none,False,False,0.0,,False
154,high_value,36930.47,insufficient_funds,upi,2.5,2025-11-14,93,10,4,7,0,1,1,2,1,2,0,whatsapp,True,False,0.0,,False
34,regular,7760.43,bank_server_down,upi,5.8,2025-05-14,18,5,5,1,1,5,6,6,1,3,0,whatsapp,True,False,0.0,,False
120,regular,1489.4,card_declined,wallet,1.4,2025-03-01,76,6,2,4,0,4,2,3,1,3,0,whatsapp,True,False,0.0,,False
72,regular,6108.68,network_error,netbanking,9.0,2025-05-15,60,4,3,1,0,0,0,3,4,4,0,voice,True,True,6108.68,15.1,False
43,regular,2866.57,network_error,card,5.6,2026-04-18,41,4,1,4,4,5,0,6,1,2,0,voice,True,False,0.0,,True
39,new,258.24,timeout,upi,4.7,2025-03-25,17,9,7,4,5,6,0,0,1,4,0,discount,True,True,258.24,44.5,False
11,regular,3811.4,bank_server_down,wallet,4.6,2025-02-27,36,15,7,11,1,6,5,6,4,6,0,none,False,False,0.0,,False
32,regular,3122.03,timeout,netbanking,1.8,2025-03-28,7,4,3,4,1,5,3,5,1,1,0,human_followup,True,False,0.0,,False
170,high_value,31355.48,bank_server_down,upi,5.3,2025-10-20,8,10,3,8,0,3,0,0,0,3,2,whatsapp,True,False,0.0,,True
128,high_value,35460.88,card_declined,upi,2.8,2025-12-15,27,13,8,8,0,0,0,0,2,4,0,retry,True,False,0.0,,False
28,high_value,42663.97,timeout,upi,0.8,2026-03-02,71,5,3,4,2,3,2,2,3,4,0,discount,True,True,42663.97,13.0,False
169,regular,543.54,insufficient_funds,wallet,3.2,2026-01-10,64,2,4,1,0,2,6,6,2,6,0,none,False,True,543.54,57.6,False
34,regular,2085.25,insufficient_funds,netbanking,3.2,2025-01-29,18,5,5,1,1,5,6,6,1,3,0,human_followup,True,False,0.0,,False
24,regular,3491.44,timeout,card,9.7,2026-03-20,91,13,8,8,1,5,0,2,3,4,2,email,True,True,3491.44,18.7,True
104,regular,2637.02,timeout,upi,3.0,2026-02-15,45,3,3,3,3,3,0,6,2,4,0,email,True,False,0.0,,False
176,new,1850.19,card_declined,upi,8.3,2025-09-20,50,13,4,12,5,6,1,4,0,4,0,whatsapp,True,True,1850.19,13.0,False
154,high_value,24038.18,network_error,netbanking,6.1,2025-08-11,93,10,4,7,0,1,1,2,1,2,0,voice,True,True,24038.18,46.7,False
174,regular,2181.73,timeout,wallet,5.3,2025-11-28,53,14,4,10,2,6,2,2,1,1,0,email,True,True,2181.73,43.6,False
123,high_value,18517.7,timeout,netbanking,8.4,2025-09-25,99,1,2,0,0,0,2,5,1,1,0,email,True,False,0.0,,False
12,high_value,28103.65,bank_server_down,wallet,4.1,2025-08-26,11,11,4,7,0,5,0,1,2,3,0,discount,True,True,28103.65,12.3,False
21,regular,6264.85,insufficient_funds,upi,7.4,2025-08-25,53,5,1,4,3,6,4,6,0,2,0,whatsapp,True,True,6264.85,4.1,False
77,high_value,19127.59,network_error,wallet,6.2,2025-05-16,85,8,2,6,3,5,2,6,1,2,0,whatsapp,True,False,0.0,,False
55,new,636.75,bank_server_down,netbanking,8.7,2025-02-24,18,6,6,3,0,1,0,2,1,2,0,email,True,True,636.75,0.7,False
168,new,1483.65,network_error,wallet,3.0,2026-02-21,60,5,4,1,3,5,2,5,0,1,0,none,False,True,1483.65,48.8,False
177,regular,5563.27,card_declined,upi,1.3,2025-01-08,7,8,2,7,0,4,0,2,1,6,1,whatsapp,True,False,0.0,,False
49,high_value,43655.54,timeout,wallet,6.5,2025-11-29,97,12,2,12,0,2,2,5,1,4,0,whatsapp,True,False,0.0,,False
138,high_value,13591.15,card_declined,wallet,1.5,2025-08-05,55,8,5,5,1,2,2,4,1,5,0,retry,True,True,13591.15,7.4,False
180,regular,3839.49,network_error,wallet,0.2,2025-08-19,47,13,4,10,3,5,5,6,0,0,0,voice,True,True,3839.49,40.0,False
14,high_value,20023.25,insufficient_funds,wallet,9.8,2026-03-11,28,4,4,0,0,0,2,4,1,4,0,email,True,False,0.0,,False
75,regular,777.63,network_error,wallet,5.1,2026-01-07,61,10,3,10,1,5,1,3,1,5,2,voice,True,False,0.0,,True
125,regular,2239.29,insufficient_funds,upi,4.2,2025-06-11,42,15,7,11,0,1,1,1,0,6,2,voice,True,False,0.0,,True
122,new,439.13,bank_server_down,netbanking,4.5,2025-08-12,11,5,1,5,0,2,0,0,3,6,0,retry,True,True,439.13,9.3,False
89,new,1370.52,bank_server_down,card,5.9,2025-12-17,26,14,7,10,0,5,0,3,0,0,2,whatsapp,True,False,0.0,,True
169,regular,4013.5,card_declined,wallet,9.6,2026-03-03,64,2,4,1,0,2,6,6,2,6,0,none,False,True,4013.5,26.6,False
121,new,2419.29,timeout,card,2.8,2026-01-19,35,6,7,2,3,6,2,3,1,1,0,retry,True,True,2419.29,8.4,False
41,high_value,32258.71,insufficient_funds,wallet,9.4,2025-09-10,82,3,3,3,3,4,1,3,0,4,0,whatsapp,True,True,32258.71,1.0,False
67,new,1135.43,timeout,card,8.3,2026-04-03,21,6,7,1,1,4,0,3,4,6,0,email,True,False,0.0,,False
30,high_value,32790.33,insufficient_funds,card,4.9,2025-06-24,58,9,5,7,0,4,0,1,1,3,2,human_followup,True,False,0.0,,False
143,high_value,17037.11,timeout,upi,7.1,2026-04-20,71,15,6,10,1,1,0,2,0,1,0,none,False,False,0.0,,False
29,new,2926.51,bank_server_down,upi,8.2,2025-01-22,58,8,5,6,0,0,0,1,0,3,0,email,True,True,2926.51,9.9,False
93,regular,1677.74,card_declined,wallet,7.6,2025-09-13,90,6,7,1,0,2,0,2,2,5,0,discount,True,True,1677.74,16.1,False
36,new,456.65,timeout,wallet,9.7,2026-01-29,48,6,6,3,0,0,2,3,2,6,0,human_followup,True,True,456.65,16.4,False
130,regular,1784.46,card_declined,netbanking,7.2,2025-08-01,77,14,5,11,1,6,2,4,1,4,2,whatsapp,True,False,0.0,,True
136,regular,3662.92,timeout,card,8.0,2025-07-31,63,15,5,11,0,0,1,1,1,3,0,none,False,False,0.0,,False
133,regular,6459.56,card_declined,upi,4.4,2026-01-30,24,12,2,12,0,3,1,2,1,2,1,retry,True,False,0.0,,False
18,regular,1135.84,card_declined,wallet,9.8,2025-03-26,21,0,2,0,1,5,0,0,0,0,0,email,True,False,0.0,,False
165,new,537.76,bank_server_down,upi,9.8,2026-01-01,13,12,3,12,1,3,0,0,1,4,0,human_followup,True,False,0.0,,False
108,new,1265.81,bank_server_down,netbanking,7.2,2025-06-10,17,10,8,5,1,5,1,3,2,2,0,none,False,True,1265.81,20.9,False
136,regular,5078.01,timeout,wallet,4.5,2025-04-16,63,15,5,11,0,0,1,1,1,3,0,none,False,False,0.0,,False
159,regular,5390.28,card_declined,wallet,7.8,2026-03-28,45,8,2,8,1,1,0,6,0,0,0,whatsapp,True,True,5390.28,34.8,False
33,regular,4403.52,bank_server_down,netbanking,2.1,2025-09-19,82,9,3,7,1,4,2,2,0,2,0,email,True,True,4403.52,7.8,False
8,high_value,45064.37,bank_server_down,netbanking,2.4,2026-02-01,44,9,2,9,1,1,2,4,0,6,1,whatsapp,True,True,45064.37,35.2,False
96,new,853.29,bank_server_down,netbanking,1.2,2026-01-23,30,11,2,11,1,5,0,5,2,4,2,voice,True,True,853.29,35.4,True
117,regular,3042.35,timeout,card,3.5,2025-05-26,43,11,0,11,0,3,4,6,0,0,0,discount,True,False,0.0,,False
36,new,2171.62,bank_server_down,card,1.1,2025-09-22,48,6,6,3,0,0,2,3,2,6,0,voice,True,False,0.0,,False
26,new,525.0,network_error,wallet,0.8,2025-02-01,58,9,3,9,1,5,2,5,0,1,0,email,True,True,525.0,3.8,False
174,regular,4446.92,bank_server_down,wallet,8.7,2025-10-27,53,14,4,10,2,6,2,2,1,1,0,email,True,True,4446.92,44.7,False
126,regular,5987.88,network_error,card,1.4,2025-03-07,97,8,2,7,0,4,0,0,1,4,2,email,True,False,0.0,,False
132,new,2603.49,insufficient_funds,card,4.6,2025-01-17,46,3,5,1,0,0,3,5,1,3,0,human_followup,True,False,0.0,,False
31,regular,5012.0,network_error,upi,1.2,2025-10-20,55,11,4,7,2,4,3,3,1,3,0,whatsapp,True,True,5012.0,14.7,False
96,new,979.45,network_error,upi,7.9,2025-03-14,30,11,2,11,1,5,0,5,2,4,2,human_followup,True,False,0.0,,False
79,high_value,45007.57,timeout,card,8.2,2025-09-08,24,13,2,12,0,0,1,2,5,6,0,retry,True,False,0.0,,False
18,regular,7028.2,network_error,wallet,5.7,2025-10-17,21,0,2,0,1,5,0,0,0,0,0,email,True,True,7028.2,40.1,False
156,regular,1496.07,timeout,wallet,7.6,2025-12-08,20,0,2,0,3,6,1,2,1,3,0,email,True,False,0.0,,False
160,regular,5483.77,network_error,wallet,2.3,2025-07-22,12,5,1,4,5,6,2,5,0,1,0,whatsapp,True,True,5483.77,21.3,False
72,regular,5344.37,timeout,upi,5.7,2026-02-12,60,4,3,1,0,0,0,3,4,4,0,human_followup,True,True,5344.37,30.9,False
22,regular,1943.2,bank_server_down,upi,9.6,2025-09-25,27,0,2,0,2,4,1,5,1,1,0,whatsapp,True,True,1943.2,5.9,False
137,regular,1848.08,insufficient_funds,netbanking,7.9,2025-05-06,43,11,6,6,0,2,1,3,2,2,0,none,False,False,0.0,,False
149,new,1388.27,bank_server_down,netbanking,4.0,2025-01-24,35,10,3,7,0,1,0,4,1,4,1,email,True,False,0.0,,True
47,regular,3612.02,bank_server_down,netbanking,3.8,2025-02-16,39,10,1,10,2,4,0,0,2,5,0,retry,True,True,3612.02,8.2,False
37,new,629.74,insufficient_funds,card,3.1,2025-07-28,93,15,5,11,0,3,0,0,1,2,0,discount,True,True,629.74,8.8,False
15,regular,2735.18,insufficient_funds,netbanking,1.4,2026-04-03,35,5,3,4,0,2,0,2,0,0,0,whatsapp,True,True,2735.18,5.9,False
52,regular,2297.17,bank_server_down,card,4.9,2026-01-21,61,6,5,1,0,1,0,0,0,0,0,email,True,False,0.0,,False
82,regular,3986.18,network_error,upi,4.8,2025-07-28,41,13,5,8,0,0,2,6,6,6,0,voice,True,False,0.0,,True
142,new,2894.08,insufficient_funds,card,7.6,2025-11-30,63,7,4,5,2,6,2,2,0,0,0,human_followup,True,True,2894.08,4.1,False
163,regular,4253.24,timeout,netbanking,5.4,2025-03-28,98,6,3,5,0,0,4,6,1,5,0,human_followup,True,False,0.0,,False
143,high_value,25328.39,insufficient_funds,wallet,9.6,2025-11-14,71,15,6,10,1,1,0,2,0,1,0,whatsapp,True,False,0.0,,True
124,regular,2549.77,card_declined,wallet,10.0,2026-03-08,38,9,4,7,0,2,0,0,0,6,0,voice,True,False,0.0,,False
12,high_value,12263.73,bank_server_down,upi,3.0,2025-07-22,11,11,4,7,0,5,0,1,2,3,0,discount,True,False,0.0,,False
72,regular,7087.09,timeout,netbanking,8.8,2026-04-30,60,4,3,1,0,0,0,3,4,4,0,whatsapp,True,True,7087.09,21.8,False
63,new,2020.6,card_declined,netbanking,2.1,2026-05-07,21,8,0,8,0,0,1,2,1,2,1,voice,True,True,2020.6,31.1,False
1,regular,5065.9,insufficient_funds,upi,6.7,2025-07-31,91,12,1,11,4,5,0,4,0,3,1,voice,True,False,0.0,,True
101,new,1660.58,insufficient_funds,upi,8.9,2026-02-22,84,12,6,8,2,5,1,4,2,4,0,discount,True,False,0.0,,False
97,new,2499.65,card_declined,wallet,1.8,2026-01-29,68,14,4,10,0,5,2,3,3,3,2,none,False,False,0.0,,False
32,regular,3970.19,timeout,wallet,0.1,2026-01-16,7,4,3,4,1,5,3,5,1,1,0,retry,True,True,3970.19,44.2,False
92,regular,1936.34,bank_server_down,netbanking,8.1,2025-04-24,38,12,4,8,2,6,0,0,0,1,0,whatsapp,True,True,1936.34,13.5,False
156,regular,2068.15,timeout,wallet,1.1,2025-05-23,20,0,2,0,3,6,1,2,1,3,0,voice,True,True,2068.15,31.7,False
145,new,2049.31,bank_server_down,card,0.7,2025-03-07,72,9,8,4,5,5,0,3,0,2,0,human_followup,True,True,2049.31,41.1,False
134,new,2213.81,card_declined,card,8.5,2025-01-12,76,5,6,2,4,4,2,4,0,3,0,none,False,False,0.0,,False
137,regular,5108.42,bank_server_down,wallet,0.0,2025-08-07,43,11,6,6,0,2,1,3,2,2,0,voice,True,False,0.0,,True
83,high_value,24464.67,network_error,netbanking,1.2,2025-09-23,17,3,2,3,3,6,4,6,4,6,0,email,True,True,24464.67,42.4,False
58,high_value,7113.41,network_error,wallet,3.2,2025-07-20,19,9,4,7,1,3,1,6,3,3,0,whatsapp,True,True,7113.41,1.3,False
58,high_value,49014.3,network_error,upi,9.2,2025-04-11,19,9,4,7,1,3,1,6,3,3,0,whatsapp,True,True,49014.3,4.7,False
123,high_value,24437.7,insufficient_funds,netbanking,8.4,2025-05-07,99,1,2,0,0,0,2,5,1,1,0,retry,True,True,24437.7,16.4,False
14,high_value,41973.52,bank_server_down,card,9.4,2026-02-02,28,4,4,0,0,0,2,4,1,4,0,voice,True,True,41973.52,21.5,True
32,regular,1141.51,insufficient_funds,upi,3.8,2026-04-01,7,4,3,4,1,5,3,5,1,1,0,none,False,True,1141.51,10.1,False
114,new,258.89,bank_server_down,wallet,0.7,2025-12-13,71,10,3,9,2,3,0,0,2,4,0,retry,True,True,258.89,40.8,False
103,high_value,9312.36,network_error,card,8.6,2026-02-08,81,17,5,12,1,3,1,4,3,5,0,discount,True,True,9312.36,38.2,False
159,regular,5144.23,card_declined,upi,4.5,2025-06-18,45,8,2,8,1,1,0,6,0,0,0,voice,True,True,5144.23,34.3,True
152,new,2389.31,timeout,card,6.4,2025-05-12,93,10,6,6,2,2,1,4,0,3,0,whatsapp,True,True,2389.31,9.0,False
36,new,2411.37,insufficient_funds,card,3.1,2025-08-12,48,6,6,3,0,0,2,3,2,6,0,email,True,False,0.0,,False
150,regular,7139.16,timeout,card,4.7,2025-11-05,42,11,4,9,1,4,0,0,0,1,0,whatsapp,True,True,7139.16,28.2,True
174,regular,1584.5,timeout,upi,4.2,2025-04-11,53,14,4,10,2,6,2,2,1,1,0,none,False,False,0.0,,False
52,regular,6389.48,card_declined,card,6.7,2025-12-22,61,6,5,1,0,1,0,0,0,0,0,discount,True,True,6389.48,40.9,False
145,new,2892.89,bank_server_down,netbanking,4.2,2025-03-25,72,9,8,4,5,5,0,3,0,2,0,retry,True,False,0.0,,False
11,regular,4219.48,insufficient_funds,card,6.9,2025-08-27,36,15,7,11,1,6,5,6,4,6,0,voice,True,True,4219.48,45.7,False
85,new,2441.09,network_error,card,4.0,2026-02-27,54,8,0,8,4,6,1,2,0,0,0,none,False,True,2441.09,6.2,False
8,high_value,29961.12,timeout,netbanking,4.4,2025-11-20,44,9,2,9,1,1,2,4,0,6,1,voice,True,False,0.0,,True
8,high_value,13960.53,card_declined,card,2.2,2025-05-15,44,9,2,9,1,1,2,4,0,6,1,discount,True,True,13960.53,8.7,False
6,new,610.62,card_declined,upi,0.2,2025-12-13,24,1,0,1,1,5,0,3,0,0,0,whatsapp,True,False,0.0,,False
87,high_value,47125.13,card_declined,wallet,2.4,2026-02-19,74,8,7,4,2,3,1,2,4,5,0,whatsapp,True,True,47125.13,38.4,False
160,regular,7112.48,insufficient_funds,upi,1.4,2026-04-19,12,5,1,4,5,6,2,5,0,1,0,retry,True,True,7112.48,25.6,False
178,regular,3306.91,bank_server_down,wallet,9.8,2025-05-06,80,3,5,1,0,0,2,2,1,1,0,none,False,True,3306.91,42.7,False
138,high_value,18238.22,timeout,netbanking,2.5,2025-11-19,55,8,5,5,1,2,2,4,1,5,0,human_followup,True,False,0.0,,False
150,regular,7143.76,timeout,upi,7.8,2026-02-09,42,11,4,9,1,4,0,0,0,1,0,discount,True,True,7143.76,36.1,False
166,regular,6133.52,card_declined,wallet,5.2,2025-04-02,98,10,4,7,2,4,1,1,1,5,0,whatsapp,True,True,6133.52,34.4,False
127,regular,4053.19,bank_server_down,wallet,6.4,2026-02-09,13,7,6,2,3,5,1,4,2,3,0,voice,True,True,4053.19,9.8,False
61,high_value,22815.5,card_declined,wallet,8.9,2025-10-20,32,4,2,4,1,3,2,5,0,0,0,whatsapp,True,False,0.0,,False
22,regular,1507.48,insufficient_funds,netbanking,4.4,2025-06-30,27,0,2,0,2,4,1,5,1,1,0,whatsapp,True,True,1507.48,16.2,False
116,high_value,26039.79,network_error,netbanking,8.0,2025-06-12,87,8,2,7,2,5,0,3,0,4,2,whatsapp,True,True,26039.79,12.8,True
20,high_value,21159.18,insufficient_funds,netbanking,8.4,2025-09-20,57,4,2,3,0,0,1,1,0,2,0,email,True,True,21159.18,11.0,False
31,regular,1035.12,insufficient_funds,card,3.3,2025-12-12,55,11,4,7,2,4,3,3,1,3,0,whatsapp,True,True,1035.12,32.8,False
71,new,652.86,bank_server_down,card,10.0,2026-01-21,41,8,3,5,5,5,2,4,4,6,0,discount,True,True,652.86,37.0,False
73,high_value,42003.9,network_error,wallet,8.2,2026-01-23,16,15,5,12,1,3,3,4,3,6,0,voice,True,True,42003.9,36.6,False
39,new,2609.85,timeout,card,7.2,2025-04-18,17,9,7,4,5,6,0,0,1,4,0,email,True,False,0.0,,False
120,regular,5918.83,network_error,netbanking,7.9,2025-06-10,76,6,2,4,0,4,2,3,1,3,0,none,False,False,0.0,,False
179,regular,3632.66,network_error,wallet,8.5,2025-01-16,53,11,2,10,0,2,0,1,1,5,2,whatsapp,True,False,0.0,,True
3,new,1549.42,card_declined,netbanking,2.3,2025-08-06,53,2,1,1,0,2,0,1,1,1,0,discount,True,True,1549.42,25.9,False
84,new,1802.17,bank_server_down,upi,9.2,2025-03-20,13,11,8,6,0,0,5,6,1,3,0,none,False,False,0.0,,False
146,regular,5223.79,bank_server_down,wallet,9.8,2025-04-15,19,2,3,1,0,1,0,1,3,3,0,none,False,True,5223.79,28.4,False
122,new,415.05,bank_server_down,wallet,6.4,2025-06-05,11,5,1,5,0,2,0,0,3,6,0,retry,True,True,415.05,26.6,False
9,regular,6698.56,bank_server_down,wallet,0.3,2025-04-12,96,13,6,8,0,2,2,2,0,0,0,retry,True,False,0.0,,False
73,high_value,14265.15,card_declined,upi,4.5,2025-07-08,16,15,5,12,1,3,3,4,3,6,0,email,True,True,14265.15,19.8,False
41,high_value,49531.78,timeout,wallet,4.8,2025-02-05,82,3,3,3,3,4,1,3,0,4,0,whatsapp,True,False,0.0,,False
53,regular,2823.18,network_error,card,6.0,2026-04-26,60,6,4,4,1,1,1,3,0,0,0,whatsapp,True,True,2823.18,22.1,False
52,regular,555.82,timeout,wallet,0.6,2025-07-24,61,6,5,1,0,1,0,0,0,0,0,voice,True,True,555.82,27.4,False
126,regular,3951.53,bank_server_down,upi,7.4,2025-05-28,97,8,2,7,0,4,0,0,1,4,2,voice,True,False,0.0,,True
77,high_value,22599.07,timeout,wallet,2.5,2026-04-06,85,8,2,6,3,5,2,6,1,2,0,voice,True,True,22599.07,31.7,False
179,regular,4764.61,network_error,upi,2.4,2026-03-22,53,11,2,10,0,2,0,1,1,5,2,whatsapp,True,False,0.0,,True
171,new,2757.26,timeout,wallet,4.1,2026-01-26,52,3,4,2,1,5,0,0,0,0,0,voice,True,False,0.0,,True
27,regular,4282.96,card_declined,wallet,4.5,2025-05-10,20,4,5,0,1,3,0,4,1,5,0,whatsapp,True,True,4282.96,30.7,False
173,regular,6123.02,network_error,netbanking,7.5,2026-03-15,40,6,2,5,1,2,4,4,1,4,0,whatsapp,True,True,6123.02,34.1,False
35,regular,2953.33,network_error,wallet,4.6,2025-02-12,83,16,7,11,0,6,0,1,0,0,1,email,True,False,0.0,,False
36,new,1465.28,card_declined,card,1.7,2025-01-10,48,6,6,3,0,0,2,3,2,6,0,voice,True,True,1465.28,35.6,True
44,new,325.0,insufficient_funds,netbanking,1.5,2025-07-03,61,13,6,9,0,0,0,3,3,4,0,whatsapp,True,False,0.0,,False
137,regular,2121.25,insufficient_funds,upi,3.9,2025-06-07,43,11,6,6,0,2,1,3,2,2,0,email,True,False,0.0,,True
97,new,2324.63,timeout,netbanking,9.1,2025-04-13,68,14,4,10,0,5,2,3,3,3,2,retry,True,False,0.0,,False
4,regular,3028.37,timeout,upi,2.2,2026-03-28,25,13,5,9,2,3,3,4,4,6,0,retry,True,False,0.0,,False
171,new,586.86,timeout,upi,4.2,2025-02-25,52,3,4,2,1,5,0,0,0,0,0,none,False,True,586.86,45.5,False
160,regular,2053.39,bank_server_down,wallet,9.4,2025-03-03,12,5,1,4,5,6,2,5,0,1,0,whatsapp,True,True,2053.39,0.8,False
168,new,1017.1,network_error,card,4.6,2025-02-03,60,5,4,1,3,5,2,5,0,1,0,discount,True,True,1017.1,2.2,False
56,regular,3583.23,bank_server_down,wallet,9.8,2025-02-22,82,14,5,9,3,5,2,2,0,2,0,discount,True,False,0.0,,False
146,regular,1785.94,insufficient_funds,netbanking,9.8,2025-12-23,19,2,3,1,0,1,0,1,3,3,0,whatsapp,True,False,0.0,,False
35,regular,2990.35,card_declined,wallet,0.7,2025-01-10,83,16,7,11,0,6,0,1,0,0,1,voice,True,False,0.0,,True
164,regular,6063.6,bank_server_down,upi,2.3,2025-11-12,10,13,1,12,0,6,1,6,2,5,1,human_followup,True,True,6063.6,20.6,True
63,new,1897.32,insufficient_funds,card,3.7,2025-06-01,21,8,0,8,0,0,1,2,1,2,1,whatsapp,True,False,0.0,,False
61,high_value,46553.41,bank_server_down,wallet,7.4,2025-06-18,32,4,2,4,1,3,2,5,0,0,0,whatsapp,True,True,46553.41,2.0,False
107,new,1979.33,card_declined,upi,2.3,2026-01-11,73,11,2,10,0,2,0,1,0,5,2,whatsapp,True,False,0.0,,True
171,new,2966.29,timeout,wallet,5.2,2025-04-04,52,3,4,2,1,5,0,0,0,0,0,email,True,True,2966.29,3.5,False
50,new,251.11,timeout,card,1.3,2025-03-30,45,6,3,3,0,5,1,5,4,6,0,voice,True,False,0.0,,False
61,high_value,27834.1,network_error,wallet,3.1,2026-01-05,32,4,2,4,1,3,2,5,0,0,0,whatsapp,True,True,27834.1,14.6,False
148,new,1399.99,timeout,netbanking,8.6,2025-09-04,75,5,6,2,2,4,0,2,3,6,0,retry,True,False,0.0,,False
102,regular,3332.88,network_error,wallet,4.2,2025-11-09,83,10,3,9,1,2,4,5,1,4,0,discount,True,False,0.0,,False
124,regular,648.58,network_error,wallet,8.5,2026-01-24,38,9,4,7,0,2,0,0,0,6,0,none,False,True,648.58,39.1,False
142,new,2207.28,card_declined,wallet,4.6,2025-08-21,63,7,4,5,2,6,2,2,0,0,0,whatsapp,True,False,0.0,,False
86,regular,1524.92,network_error,card,1.5,2025-04-08,74,2,2,2,1,2,2,6,2,3,0,retry,True,False,0.0,,False
96,new,1525.22,network_error,wallet,9.7,2025-07-11,30,11,2,11,1,5,0,5,2,4,2,whatsapp,True,False,0.0,,False
19,high_value,23395.44,insufficient_funds,upi,3.8,2025-10-17,60,12,5,8,1,1,0,2,1,6,2,whatsapp,True,False,0.0,,False
90,regular,4322.06,network_error,netbanking,7.0,2025-11-30,8,9,5,5,0,1,2,5,2,3,0,whatsapp,True,False,0.0,,False
123,high_value,6552.84,card_declined,upi,7.0,2025-11-27,99,1,2,0,0,0,2,5,1,1,0,whatsapp,True,False,0.0,,False
38,regular,2407.16,bank_server_down,card,0.1,2026-01-30,100,9,5,7,3,4,0,0,4,5,0,retry,True,False,0.0,,False
99,new,1253.23,bank_server_down,upi,5.2,2025-04-07,78,10,3,9,1,5,1,2,1,3,0,none,False,True,1253.23,31.3,False
178,regular,2766.65,bank_server_down,wallet,5.9,2026-01-11,80,3,5,1,0,0,2,2,1,1,0,email,True,False,0.0,,False
23,regular,1319.56,bank_server_down,netbanking,8.1,2025-05-18,51,12,5,8,3,3,1,2,0,2,0,human_followup,True,False,0.0,,False
79,high_value,5288.91,timeout,wallet,0.0,2025-02-05,24,13,2,12,0,0,1,2,5,6,0,human_followup,True,True,5288.91,13.9,False
111,regular,1779.76,card_declined,card,7.0,2025-04-12,46,3,4,2,1,1,1,3,0,2,0,email,True,False,0.0,,False
146,regular,6607.78,timeout,card,0.6,2025-04-04,19,2,3,1,0,1,0,1,3,3,0,none,False,True,6607.78,70.8,False
105,new,1378.12,bank_server_down,upi,8.7,2025-03-27,83,13,7,8,2,3,0,1,1,2,0,retry,True,True,1378.12,6.1,False
17,new,1092.24,bank_server_down,card,4.8,2025-12-11,90,14,5,9,2,6,2,5,3,5,0,human_followup,True,True,1092.24,45.9,False
171,new,1789.09,insufficient_funds,upi,2.1,2026-02-10,52,3,4,2,1,5,0,0,0,0,0,retry,True,False,0.0,,False
69,regular,7490.96,network_error,netbanking,6.0,2025-06-22,94,1,3,0,3,6,0,1,0,0,0,whatsapp,True,False,0.0,,False
62,high_value,47344.6,network_error,wallet,6.1,2026-05-15,87,6,6,1,3,5,1,4,3,6,0,whatsapp,True,True,47344.6,22.0,False
179,regular,3513.56,timeout,upi,6.0,2026-03-21,53,11,2,10,0,2,0,1,1,5,2,email,True,False,0.0,,True
64,new,1168.45,bank_server_down,wallet,5.1,2025-12-05,51,11,6,8,0,4,0,5,0,0,1,whatsapp,True,False,0.0,,False
83,high_value,5748.36,card_declined,upi,9.7,2026-01-12,17,3,2,3,3,6,4,6,4,6,0,whatsapp,True,True,5748.36,19.3,False
157,high_value,40728.22,card_declined,wallet,9.4,2026-04-28,83,5,4,1,2,5,3,4,2,6,0,none,False,False,0.0,,False
180,regular,7289.02,network_error,netbanking,6.1,2025-12-31,47,13,4,10,3,5,5,6,0,0,0,whatsapp,True,True,7289.02,41.1,False
130,regular,738.09,network_error,upi,3.0,2025-12-11,77,14,5,11,1,6,2,4,1,4,2,none,False,False,0.0,,False
120,regular,1760.4,network_error,upi,4.8,2025-10-04,76,6,2,4,0,4,2,3,1,3,0,whatsapp,True,True,1760.4,31.7,False
23,regular,1291.02,insufficient_funds,card,9.3,2025-06-17,51,12,5,8,3,3,1,2,0,2,0,none,False,False,0.0,,False
57,regular,5893.81,network_error,upi,6.7,2026-04-18,9,12,5,10,0,4,2,3,0,2,1,email,True,False,0.0,,True
178,regular,2996.01,timeout,upi,6.4,2025-07-13,80,3,5,1,0,0,2,2,1,1,0,none,False,True,2996.01,52.5,False
168,new,1962.1,bank_server_down,wallet,8.1,2025-04-25,60,5,4,1,3,5,2,5,0,1,0,whatsapp,True,True,1962.1,16.4,False
152,new,2817.91,insufficient_funds,netbanking,1.3,2025-06-10,93,10,6,6,2,2,1,4,0,3,0,none,False,False,0.0,,False
1,regular,2830.99,bank_server_down,card,8.5,2025-08-05,91,12,1,11,4,5,0,4,0,3,1,whatsapp,True,True,2830.99,38.3,False
134,new,2024.85,bank_server_down,card,1.1,2025-01-05,76,5,6,2,4,4,2,4,0,3,0,email,True,True,2024.85,45.3,False
57,regular,4248.74,network_error,card,6.0,2025-03-16,9,12,5,10,0,4,2,3,0,2,1,human_followup,True,False,0.0,,False
9,regular,4991.6,card_declined,upi,2.7,2026-03-11,96,13,6,8,0,2,2,2,0,0,0,discount,True,True,4991.6,23.8,False
97,new,270.56,card_declined,card,8.3,2025-04-18,68,14,4,10,0,5,2,3,3,3,2,none,False,False,0.0,,False
58,high_value,36518.33,insufficient_funds,card,8.6,2026-01-08,19,9,4,7,1,3,1,6,3,3,0,whatsapp,True,False,0.0,,False
41,high_value,49597.84,bank_server_down,wallet,3.4,2025-12-14,82,3,3,3,3,4,1,3,0,4,0,email,True,True,49597.84,3.5,False
73,high_value,17706.38,timeout,wallet,1.0,2025-06-15,16,15,5,12,1,3,3,4,3,6,0,human_followup,True,True,17706.38,40.8,False
78,regular,3931.49,timeout,card,4.4,2025-09-05,76,9,2,9,2,3,4,5,2,3,0,whatsapp,True,True,3931.49,35.9,False
167,high_value,5410.96,bank_server_down,upi,6.8,2026-03-16,58,2,2,1,1,3,1,2,5,6,0,whatsapp,True,False,0.0,,False
44,new,2785.36,insufficient_funds,netbanking,9.7,2025-04-02,61,13,6,9,0,0,0,3,3,4,0,none,False,True,2785.36,37.6,False
87,high_value,31702.66,timeout,wallet,2.5,2025-03-02,74,8,7,4,2,3,1,2,4,5,0,whatsapp,True,True,31702.66,45.8,False
168,new,2261.08,insufficient_funds,wallet,8.6,2025-11-29,60,5,4,1,3,5,2,5,0,1,0,whatsapp,True,True,2261.08,0.7,False
30,high_value,8718.66,network_error,card,0.2,2025-10-21,58,9,5,7,0,4,0,1,1,3,2,none,False,True,8718.66,50.3,False
25,regular,6457.58,timeout,wallet,4.8,2025-11-27,91,10,1,10,0,2,0,0,0,0,2,discount,True,False,0.0,,True
84,new,284.15,bank_server_down,card,4.1,2025-12-25,13,11,8,6,0,0,5,6,1,3,0,retry,True,False,0.0,,False
138,high_value,40256.36,bank_server_down,wallet,0.6,2026-03-05,55,8,5,5,1,2,2,4,1,5,0,voice,True,False,0.0,,False
32,regular,6151.31,timeout,upi,1.8,2025-11-03,7,4,3,4,1,5,3,5,1,1,0,discount,True,True,6151.31,15.2,False
11,regular,1466.12,timeout,card,0.9,2025-05-12,36,15,7,11,1,6,5,6,4,6,0,none,False,True,1466.12,70.6,False
130,regular,2739.33,bank_server_down,card,4.2,2026-04-29,77,14,5,11,1,6,2,4,1,4,2,discount,True,True,2739.33,45.4,True
76,regular,5443.68,network_error,card,5.8,2025-12-22,46,11,5,7,4,4,3,6,0,3,0,whatsapp,True,False,0.0,,False
156,regular,4536.57,timeout,upi,6.6,2025-01-23,20,0,2,0,3,6,1,2,1,3,0,whatsapp,True,True,4536.57,40.0,False
35,regular,5016.08,timeout,netbanking,2.8,2026-01-09,83,16,7,11,0,6,0,1,0,0,1,voice,True,True,5016.08,18.4,True
42,new,1260.17,insufficient_funds,netbanking,6.8,2026-04-27,25,9,5,4,1,1,0,0,1,1,0,discount,True,True,1260.17,35.2,False
163,regular,5726.02,timeout,netbanking,5.6,2025-11-28,98,6,3,5,0,0,4,6,1,5,0,none,False,False,0.0,,False
108,new,2482.55,card_declined,wallet,3.8,2026-05-09,17,10,8,5,1,5,1,3,2,2,0,voice,True,True,2482.55,5.4,True
141,new,1279.67,card_declined,upi,3.6,2025-06-20,62,12,5,8,0,2,3,4,0,2,0,human_followup,True,True,1279.67,13.2,False
26,new,1193.75,timeout,wallet,9.5,2026-02-05,58,9,3,9,1,5,2,5,0,1,0,none,False,True,1193.75,52.7,False
79,high_value,31497.22,network_error,upi,5.3,2025-12-25,24,13,2,12,0,0,1,2,5,6,0,voice,True,True,31497.22,4.8,True
13,regular,1780.61,network_error,card,3.5,2026-01-15,59,7,5,4,1,5,2,2,1,5,0,discount,True,False,0.0,,False
104,regular,4076.46,timeout,netbanking,0.1,2025-09-20,45,3,3,3,3,3,0,6,2,4,0,discount,True,False,0.0,,False
146,regular,6015.67,insufficient_funds,netbanking,7.1,2025-05-08,19,2,3,1,0,1,0,1,3,3,0,discount,True,True,6015.67,21.1,False
91,regular,6488.52,bank_server_down,netbanking,2.8,2025-08-08,78,8,3,5,0,1,2,3,0,0,0,email,True,False,0.0,,False
59,regular,2788.91,insufficient_funds,netbanking,4.1,2025-06-10,18,14,7,9,2,5,0,1,3,5,0,none,False,False,0.0,,False
20,high_value,37847.89,insufficient_funds,card,5.8,2025-02-13,57,4,2,3,0,0,1,1,0,2,0,human_followup,True,True,37847.89,42.0,False
109,regular,5577.75,timeout,wallet,5.0,2025-12-17,58,8,1,8,1,6,3,6,0,2,0,none,False,False,0.0,,False
179,regular,1435.19,insufficient_funds,card,9.1,2026-01-17,53,11,2,10,0,2,0,1,1,5,2,retry,True,False,0.0,,False
137,regular,6122.51,timeout,upi,6.1,2026-05-09,43,11,6,6,0,2,1,3,2,2,0,whatsapp,True,False,0.0,,False
58,high_value,12866.64,card_declined,card,5.1,2026-05-03,19,9,4,7,1,3,1,6,3,3,0,retry,True,False,0.0,,False
44,new,1182.52,insufficient_funds,netbanking,9.1,2025-05-08,61,13,6,9,0,0,0,3,3,4,0,none,False,False,0.0,,False
31,regular,2675.49,network_error,netbanking,2.6,2025-01-02,55,11,4,7,2,4,3,3,1,3,0,human_followup,True,False,0.0,,False
79,high_value,46809.91,bank_server_down,upi,9.4,2026-04-02,24,13,2,12,0,0,1,2,5,6,0,voice,True,True,46809.91,29.6,True
85,new,965.22,insufficient_funds,upi,3.5,2026-01-05,54,8,0,8,4,6,1,2,0,0,0,whatsapp,True,True,965.22,23.7,True
22,regular,4468.22,timeout,wallet,1.2,2025-09-07,27,0,2,0,2,4,1,5,1,1,0,retry,True,False,0.0,,False
65,high_value,15174.29,network_error,netbanking,3.0,2025-08-08,67,11,5,6,3,5,0,2,1,5,0,none,False,True,15174.29,20.1,False
113,regular,5422.1,network_error,card,1.4,2026-01-18,73,11,8,6,3,6,0,3,0,0,0,email,True,False,0.0,,False
51,high_value,9979.95,card_declined,upi,1.3,2025-08-04,48,4,5,1,0,4,4,6,1,4,0,human_followup,True,False,0.0,,False
51,high_value,47676.91,card_declined,upi,4.2,2025-10-09,48,4,5,1,0,4,4,6,1,4,0,email,True,False,0.0,,False
103,high_value,27583.64,network_error,card,1.1,2025-02-25,81,17,5,12,1,3,1,4,3,5,0,human_followup,True,True,27583.64,0.8,True
176,new,785.86,card_declined,wallet,9.8,2026-01-13,50,13,4,12,5,6,1,4,0,4,0,retry,True,False,0.0,,False
73,high_value,26866.82,network_error,card,6.2,2026-01-09,16,15,5,12,1,3,3,4,3,6,0,email,True,True,26866.82,41.5,False
180,regular,2355.16,network_error,card,4.7,2026-02-05,47,13,4,10,3,5,5,6,0,0,0,none,False,False,0.0,,False
129,new,1872.19,timeout,card,2.3,2025-03-09,63,3,5,1,2,4,0,0,1,5,0,email,True,True,1872.19,7.1,False
5,regular,5123.51,insufficient_funds,upi,3.8,2025-09-26,23,11,8,6,1,2,1,4,0,1,0,whatsapp,True,False,0.0,,False
87,high_value,24173.41,insufficient_funds,wallet,6.4,2025-06-05,74,8,7,4,2,3,1,2,4,5,0,retry,True,False,0.0,,False
90,regular,5836.89,timeout,netbanking,9.0,2025-04-04,8,9,5,5,0,1,2,5,2,3,0,retry,True,True,5836.89,35.8,False
55,new,927.42,card_declined,upi,4.3,2025-05-10,18,6,6,3,0,1,0,2,1,2,0,none,False,True,927.42,22.6,False
25,regular,5517.11,bank_server_down,card,3.3,2026-01-15,91,10,1,10,0,2,0,0,0,0,2,none,False,False,0.0,,False
151,regular,4466.47,card_declined,card,6.5,2025-04-18,94,9,6,4,5,6,0,1,0,2,0,voice,True,True,4466.47,30.3,True
155,new,449.03,bank_server_down,card,1.9,2025-08-17,97,3,5,0,3,5,0,0,0,1,0,none,False,True,449.03,39.8,False
88,high_value,18566.44,network_error,card,5.3,2025-03-20,93,6,4,5,1,3,0,0,2,5,0,retry,True,True,18566.44,26.5,False
65,high_value,45121.4,bank_server_down,netbanking,8.9,2025-08-18,67,11,5,6,3,5,0,2,1,5,0,voice,True,True,45121.4,23.2,False
135,high_value,46909.95,bank_server_down,upi,1.7,2025-05-21,26,14,8,9,1,1,2,2,2,3,0,discount,True,True,46909.95,27.2,True
178,regular,1926.43,network_error,wallet,6.8,2026-03-22,80,3,5,1,0,0,2,2,1,1,0,email,True,True,1926.43,24.5,False
144,regular,6345.29,network_error,netbanking,2.1,2025-01-02,99,13,3,10,1,4,1,1,0,6,0,whatsapp,True,True,6345.29,42.2,False
132,new,1420.78,bank_server_down,netbanking,3.0,2025-04-23,46,3,5,1,0,0,3,5,1,3,0,whatsapp,True,True,1420.78,10.8,False
137,regular,2286.63,insufficient_funds,card,9.4,2025-05-23,43,11,6,6,0,2,1,3,2,2,0,none,False,False,0.0,,False
14,high_value,33908.59,timeout,card,5.3,2025-01-01,28,4,4,0,0,0,2,4,1,4,0,voice,True,False,0.0,,False
84,new,341.41,bank_server_down,netbanking,7.2,2025-07-29,13,11,8,6,0,0,5,6,1,3,0,none,False,True,341.41,71.0,False
161,new,2466.17,card_declined,card,7.3,2025-05-24,44,10,4,6,2,5,0,0,3,3,0,whatsapp,True,False,0.0,,False
150,regular,1298.32,network_error,netbanking,8.7,2025-11-21,42,11,4,9,1,4,0,0,0,1,0,voice,True,True,1298.32,15.6,False
53,regular,4862.48,network_error,card,4.5,2026-01-09,60,6,4,4,1,1,1,3,0,0,0,discount,True,True,4862.48,4.6,False
47,regular,3945.43,timeout,card,5.7,2026-04-28,39,10,1,10,2,4,0,0,2,5,0,discount,True,True,3945.43,7.9,True
46,new,2470.75,bank_server_down,card,0.7,2025-02-06,41,8,6,5,1,5,1,2,1,6,0,email,True,True,2470.75,19.4,False
135,high_value,11178.11,insufficient_funds,upi,3.8,2025-01-11,26,14,8,9,1,1,2,2,2,3,0,retry,True,True,11178.11,39.9,False
12,high_value,10948.06,insufficient_funds,netbanking,1.4,2025-11-18,11,11,4,7,0,5,0,1,2,3,0,voice,True,False,0.0,,True
28,high_value,29406.66,card_declined,upi,2.0,2025-09-03,71,5,3,4,2,3,2,2,3,4,0,human_followup,True,False,0.0,,False
79,high_value,19929.03,timeout,card,0.6,2025-12-21,24,13,2,12,0,0,1,2,5,6,0,whatsapp,True,True,19929.03,2.2,True
140,regular,2725.54,bank_server_down,wallet,1.4,2026-04-13,26,2,3,1,4,5,0,2,0,0,0,whatsapp,True,True,2725.54,17.0,False
74,regular,2194.13,network_error,upi,4.9,2025-02-26,37,3,1,3,1,1,0,1,1,5,0,whatsapp,True,False,0.0,,False
20,high_value,32706.35,insufficient_funds,netbanking,9.2,2026-04-16,57,4,2,3,0,0,1,1,0,2,0,retry,True,True,32706.35,7.3,False
110,regular,4478.6,bank_server_down,card,6.8,2025-03-18,47,9,1,8,0,1,4,5,2,6,0,none,False,False,0.0,,False
160,regular,6631.72,card_declined,upi,2.7,2025-09-13,12,5,1,4,5,6,2,5,0,1,0,discount,True,False,0.0,,False
20,high_value,40498.53,timeout,card,3.2,2025-07-19,57,4,2,3,0,0,1,1,0,2,0,email,True,False,0.0,,False
18,regular,1348.73,network_error,netbanking,1.4,2025-06-15,21,0,2,0,1,5,0,0,0,0,0,none,False,True,1348.73,28.3,False
82,regular,4206.55,network_error,wallet,6.0,2025-11-22,41,13,5,8,0,0,2,6,6,6,0,whatsapp,True,False,0.0,,False
63,new,1211.24,bank_server_down,wallet,5.4,2025-09-10,21,8,0,8,0,0,1,2,1,2,1,email,True,False,0.0,,True
149,new,2173.27,bank_server_down,card,7.0,2025-05-01,35,10,3,7,0,1,0,4,1,4,1,whatsapp,True,False,0.0,,False
93,regular,4687.81,timeout,upi,0.6,2025-06-28,90,6,7,1,0,2,0,2,2,5,0,whatsapp,True,False,0.0,,False
36,new,954.62,timeout,wallet,2.4,2026-02-28,48,6,6,3,0,0,2,3,2,6,0,whatsapp,True,False,0.0,,False
179,regular,5779.72,network_error,upi,7.0,2025-08-06,53,11,2,10,0,2,0,1,1,5,2,whatsapp,True,False,0.0,,True
19,high_value,26457.2,bank_server_down,card,0.3,2025-07-07,60,12,5,8,1,1,0,2,1,6,2,whatsapp,True,True,26457.2,39.9,True
107,new,534.18,timeout,wallet,7.4,2026-01-19,73,11,2,10,0,2,0,1,0,5,2,email,True,False,0.0,,True
87,high_value,24978.81,insufficient_funds,netbanking,1.1,2025-01-31,74,8,7,4,2,3,1,2,4,5,0,none,False,True,24978.81,54.3,False
129,new,565.01,network_error,wallet,6.8,2026-03-25,63,3,5,1,2,4,0,0,1,5,0,email,True,False,0.0,,False
147,regular,4264.04,timeout,wallet,9.3,2025-05-20,45,9,2,8,2,6,2,4,1,6,2,none,False,False,0.0,,False
33,regular,6073.51,network_error,upi,2.2,2025-04-05,82,9,3,7,1,4,2,2,0,2,0,none,False,False,0.0,,False
155,new,2540.97,network_error,wallet,3.1,2025-11-25,97,3,5,0,3,5,0,0,0,1,0,email,True,False,0.0,,False
96,new,1975.28,timeout,netbanking,1.1,2025-02-09,30,11,2,11,1,5,0,5,2,4,2,whatsapp,True,False,0.0,,True
62,high_value,17699.31,bank_server_down,upi,0.7,2025-11-02,87,6,6,1,3,5,1,4,3,6,0,retry,True,False,0.0,,False
49,high_value,29826.11,insufficient_funds,card,2.7,2026-05-16,97,12,2,12,0,2,2,5,1,4,0,voice,True,True,29826.11,23.3,False
13,regular,2859.35,card_declined,upi,9.8,2026-01-20,59,7,5,4,1,5,2,2,1,5,0,whatsapp,True,True,2859.35,36.1,False
92,regular,7803.88,insufficient_funds,netbanking,4.1,2026-01-15,38,12,4,8,2,6,0,0,0,1,0,email,True,False,0.0,,False
7,regular,4903.82,network_error,wallet,5.9,2026-03-13,19,12,4,10,2,2,2,5,2,6,0,retry,True,True,4903.82,32.8,False
21,regular,7139.03,insufficient_funds,card,8.8,2026-02-18,53,5,1,4,3,6,4,6,0,2,0,discount,True,True,7139.03,47.7,False
129,new,1597.27,bank_server_down,netbanking,4.5,2025-03-09,63,3,5,1,2,4,0,0,1,5,0,whatsapp,True,True,1597.27,20.7,False
175,high_value,22443.54,timeout,upi,9.6,2025-10-18,79,3,5,0,0,1,0,0,1,1,0,voice,True,True,22443.54,6.9,False
80,regular,4603.52,insufficient_funds,wallet,0.9,2025-06-10,97,3,2,2,1,3,1,3,0,1,0,whatsapp,True,True,4603.52,27.7,False
91,regular,1169.22,timeout,wallet,2.6,2025-08-31,78,8,3,5,0,1,2,3,0,0,0,none,False,False,0.0,,False
114,new,1985.85,timeout,upi,9.7,2025-09-07,71,10,3,9,2,3,0,0,2,4,0,retry,True,False,0.0,,False
103,high_value,23406.5,bank_server_down,card,4.4,2025-09-20,81,17,5,12,1,3,1,4,3,5,0,none,False,False,0.0,,False
96,new,342.12,network_error,wallet,2.6,2026-03-25,30,11,2,11,1,5,0,5,2,4,2,none,False,True,342.12,70.4,False
15,regular,6057.82,timeout,upi,1.5,2025-02-23,35,5,3,4,0,2,0,2,0,0,0,whatsapp,True,True,6057.82,3.6,False
100,regular,7056.19,insufficient_funds,netbanking,4.7,2025-11-25,41,7,6,4,4,4,0,2,1,3,0,email,True,False,0.0,,False
47,regular,5988.34,network_error,wallet,2.0,2025-06-18,39,10,1,10,2,4,0,0,2,5,0,retry,True,True,5988.34,29.0,False
55,new,2136.64,network_error,upi,2.8,2025-01-20,18,6,6,3,0,1,0,2,1,2,0,email,True,False,0.0,,False
55,new,1028.54,insufficient_funds,wallet,0.6,2026-02-18,18,6,6,3,0,1,0,2,1,2,0,whatsapp,True,False,0.0,,False
14,high_value,14517.18,insufficient_funds,wallet,2.7,2025-11-22,28,4,4,0,0,0,2,4,1,4,0,whatsapp,True,True,14517.18,4.0,False
116,high_value,44208.01,bank_server_down,card,6.7,2025-05-13,87,8,2,7,2,5,0,3,0,4,2,whatsapp,True,True,44208.01,20.6,False
77,high_value,12404.0,card_declined,wallet,4.8,2025-10-02,85,8,2,6,3,5,2,6,1,2,0,discount,True,True,12404.0,17.1,False
178,regular,4777.38,insufficient_funds,card,0.8,2025-12-08,80,3,5,1,0,0,2,2,1,1,0,voice,True,True,4777.38,39.5,False
82,regular,606.4,network_error,card,5.0,2025-06-12,41,13,5,8,0,0,2,6,6,6,0,retry,True,False,0.0,,False
105,new,862.13,insufficient_funds,wallet,9.4,2026-03-15,83,13,7,8,2,3,0,1,1,2,0,retry,True,False,0.0,,False
149,new,382.59,timeout,card,4.2,2025-10-07,35,10,3,7,0,1,0,4,1,4,1,human_followup,True,False,0.0,,True
54,regular,7642.83,bank_server_down,upi,3.7,2025-07-06,34,12,4,9,0,3,2,6,0,2,0,retry,True,False,0.0,,False
129,new,2475.25,insufficient_funds,wallet,6.5,2025-08-22,63,3,5,1,2,4,0,0,1,5,0,email,True,False,0.0,,False
110,regular,4423.77,card_declined,upi,9.3,2025-08-23,47,9,1,8,0,1,4,5,2,6,0,email,True,True,4423.77,26.1,False
98,new,926.58,network_error,netbanking,7.0,2026-04-26,21,13,5,11,3,6,0,0,0,0,0,none,False,False,0.0,,False
23,regular,6544.55,insufficient_funds,upi,6.5,2025-11-12,51,12,5,8,3,3,1,2,0,2,0,none,False,True,6544.55,54.2,False
160,regular,7454.22,insufficient_funds,wallet,5.0,2026-02-17,12,5,1,4,5,6,2,5,0,1,0,retry,True,True,7454.22,20.2,False
58,high_value,39959.61,bank_server_down,wallet,1.1,2026-03-15,19,9,4,7,1,3,1,6,3,3,0,email,True,True,39959.61,43.9,False
106,regular,7309.95,network_error,upi,9.4,2026-02-05,76,8,5,5,1,6,0,2,1,2,0,whatsapp,True,True,7309.95,12.8,False
107,new,2052.57,insufficient_funds,wallet,0.3,2025-01-14,73,11,2,10,0,2,0,1,0,5,2,whatsapp,True,False,0.0,,True
154,high_value,19286.19,timeout,wallet,2.4,2026-05-14,93,10,4,7,0,1,1,2,1,2,0,whatsapp,True,False,0.0,,False
14,high_value,41059.92,bank_server_down,wallet,1.3,2025-11-22,28,4,4,0,0,0,2,4,1,4,0,whatsapp,True,False,0.0,,False
82,regular,4379.58,network_error,card,1.0,2026-02-15,41,13,5,8,0,0,2,6,6,6,0,retry,True,True,4379.58,27.7,False
101,new,2544.79,card_declined,card,9.5,2025-04-15,84,12,6,8,2,5,1,4,2,4,0,retry,True,True,2544.79,0.7,False
152,new,543.84,bank_server_down,upi,5.7,2025-01-13,93,10,6,6,2,2,1,4,0,3,0,human_followup,True,True,543.84,30.3,False
92,regular,1899.16,timeout,netbanking,1.9,2026-03-07,38,12,4,8,2,6,0,0,0,1,0,whatsapp,True,False,0.0,,False
67,new,2011.85,card_declined,upi,9.3,2025-11-18,21,6,7,1,1,4,0,3,4,6,0,retry,True,False,0.0,,False
27,regular,1331.99,bank_server_down,upi,1.1,2025-05-25,20,4,5,0,1,3,0,4,1,5,0,whatsapp,True,True,1331.99,40.6,False
54,regular,3431.0,network_error,upi,4.1,2025-09-07,34,12,4,9,0,3,2,6,0,2,0,none,False,True,3431.0,49.8,False
97,new,2680.17,network_error,card,1.8,2025-01-06,68,14,4,10,0,5,2,3,3,3,2,none,False,False,0.0,,False
162,regular,5049.91,insufficient_funds,upi,9.8,2025-06-27,94,1,1,1,0,0,1,1,0,2,0,email,True,True,5049.91,7.7,False
66,new,2787.09,timeout,upi,5.4,2025-09-23,60,14,5,10,1,3,1,3,2,5,0,email,True,True,2787.09,5.6,False
56,regular,721.23,timeout,card,0.8,2025-12-21,82,14,5,9,3,5,2,2,0,2,0,none,False,True,721.23,35.2,False
24,regular,3114.15,bank_server_down,netbanking,4.7,2026-02-19,91,13,8,8,1,5,0,2,3,4,2,email,True,False,0.0,,True
50,new,825.27,timeout,netbanking,9.6,2025-02-22,45,6,3,3,0,5,1,5,4,6,0,voice,True,False,0.0,,False
53,regular,7653.22,network_error,wallet,8.8,2025-08-05,60,6,4,4,1,1,1,3,0,0,0,voice,True,True,7653.22,5.3,False
99,new,1345.01,bank_server_down,netbanking,3.7,2025-11-20,78,10,3,9,1,5,1,2,1,3,0,none,False,True,1345.01,64.2,False
131,high_value,16387.86,network_error,netbanking,6.0,2026-03-26,43,15,3,12,0,1,2,4,2,6,0,voice,True,False,0.0,,True
8,high_value,10159.25,card_declined,wallet,7.9,2025-07-03,44,9,2,9,1,1,2,4,0,6,1,whatsapp,True,True,10159.25,7.0,True
81,regular,1417.28,card_declined,upi,7.2,2025-04-20,64,5,5,3,1,6,0,1,0,0,0,email,True,False,0.0,,False
144,regular,996.76,card_declined,card,5.3,2025-02-22,99,13,3,10,1,4,1,1,0,6,0,voice,True,False,0.0,,False
172,new,316.99,network_error,wallet,3.2,2025-06-13,64,12,0,12,0,0,0,1,1,3,2,whatsapp,True,True,316.99,2.3,True
71,new,1321.59,insufficient_funds,wallet,1.7,2025-06-17,41,8,3,5,5,5,2,4,4,6,0,voice,True,True,1321.59,1.0,True
148,new,2965.07,network_error,netbanking,1.3,2026-05-11,75,5,6,2,2,4,0,2,3,6,0,email,True,False,0.0,,False
11,regular,3030.42,insufficient_funds,upi,4.7,2026-03-01,36,15,7,11,1,6,5,6,4,6,0,human_followup,True,False,0.0,,True
89,new,1261.0,bank_server_down,netbanking,4.9,2025-01-25,26,14,7,10,0,5,0,3,0,0,2,whatsapp,True,False,0.0,,True
165,new,2904.74,insufficient_funds,netbanking,9.4,2025-02-22,13,12,3,12,1,3,0,0,1,4,0,retry,True,True,2904.74,0.6,False
27,regular,7951.55,network_error,card,1.7,2025-04-08,20,4,5,0,1,3,0,4,1,5,0,discount,True,False,0.0,,False
138,high_value,49530.43,insufficient_funds,netbanking,8.8,2025-01-23,55,8,5,5,1,2,2,4,1,5,0,retry,True,False,0.0,,False
20,high_value,16867.72,bank_server_down,wallet,2.7,2025-03-29,57,4,2,3,0,0,1,1,0,2,0,none,False,False,0.0,,False
31,regular,1447.17,timeout,wallet,6.4,2025-12-09,55,11,4,7,2,4,3,3,1,3,0,retry,True,True,1447.17,27.8,False
170,high_value,27054.67,card_declined,netbanking,7.7,2025-09-05,8,10,3,8,0,3,0,0,0,3,2,whatsapp,True,False,0.0,,True
22,regular,3147.57,timeout,card,6.9,2025-02-08,27,0,2,0,2,4,1,5,1,1,0,none,False,True,3147.57,1.9,False
56,regular,4011.13,network_error,card,4.9,2025-06-24,82,14,5,9,3,5,2,2,0,2,0,whatsapp,True,True,4011.13,41.2,False
80,regular,5813.84,timeout,upi,9.1,2025-04-23,97,3,2,2,1,3,1,3,0,1,0,none,False,False,0.0,,False
116,high_value,44053.65,bank_server_down,card,7.8,2025-04-07,87,8,2,7,2,5,0,3,0,4,2,retry,True,False,0.0,,False
176,new,990.73,bank_server_down,upi,1.5,2026-03-25,50,13,4,12,5,6,1,4,0,4,0,retry,True,True,990.73,0.9,False
118,high_value,13416.34,insufficient_funds,wallet,6.6,2025-08-20,31,9,1,9,0,0,0,0,2,4,0,whatsapp,True,True,13416.34,17.1,False
55,new,536.8,bank_server_down,wallet,5.1,2025-01-28,18,6,6,3,0,1,0,2,1,2,0,email,True,False,0.0,,False
98,new,2222.8,network_error,card,2.9,2025-07-26,21,13,5,11,3,6,0,0,0,0,0,whatsapp,True,True,2222.8,24.9,False
28,high_value,35652.22,timeout,upi,2.2,2025-01-28,71,5,3,4,2,3,2,2,3,4,0,none,False,False,0.0,,False
62,high_value,7963.13,insufficient_funds,netbanking,2.3,2025-11-14,87,6,6,1,3,5,1,4,3,6,0,discount,True,True,7963.13,10.6,False
178,regular,2512.0,timeout,card,7.9,2025-06-27,80,3,5,1,0,0,2,2,1,1,0,voice,True,True,2512.0,0.2,False
48,new,1559.4,bank_server_down,wallet,7.4,2026-03-13,68,12,6,7,5,5,0,3,2,4,0,none,False,True,1559.4,23.4,False
18,regular,1749.84,card_declined,wallet,1.4,2025-01-07,21,0,2,0,1,5,0,0,0,0,0,discount,True,True,1749.84,46.8,False
20,high_value,12682.63,insufficient_funds,netbanking,9.7,2025-10-26,57,4,2,3,0,0,1,1,0,2,0,retry,True,False,0.0,,False
121,new,417.22,insufficient_funds,netbanking,8.4,2025-09-26,35,6,7,2,3,6,2,3,1,1,0,email,True,False,0.0,,False
26,new,983.35,card_declined,wallet,4.9,2025-06-29,58,9,3,9,1,5,2,5,0,1,0,none,False,False,0.0,,False
125,regular,2401.53,network_error,upi,8.3,2025-06-04,42,15,7,11,0,1,1,1,0,6,2,discount,True,False,0.0,,True
153,regular,4132.66,card_declined,upi,1.5,2025-07-30,68,6,4,3,2,2,1,4,2,5,0,none,False,False,0.0,,False
37,new,1135.86,insufficient_funds,card,5.8,2025-12-23,93,15,5,11,0,3,0,0,1,2,0,none,False,False,0.0,,False
23,regular,1953.82,network_error,upi,9.7,2026-03-26,51,12,5,8,3,3,1,2,0,2,0,voice,True,False,0.0,,False
135,high_value,12872.85,card_declined,netbanking,3.9,2025-08-02,26,14,8,9,1,1,2,2,2,3,0,none,False,True,12872.85,14.5,False
149,new,1608.23,card_declined,upi,4.3,2025-08-21,35,10,3,7,0,1,0,4,1,4,1,voice,True,False,0.0,,True
29,new,2911.46,network_error,card,4.7,2025-03-18,58,8,5,6,0,0,0,1,0,3,0,email,True,True,2911.46,7.9,False
125,regular,2661.95,card_declined,upi,4.5,2025-04-22,42,15,7,11,0,1,1,1,0,6,2,whatsapp,True,False,0.0,,True
79,high_value,5229.06,card_declined,upi,0.5,2025-03-12,24,13,2,12,0,0,1,2,5,6,0,whatsapp,True,True,5229.06,32.0,False
144,regular,1662.78,insufficient_funds,netbanking,1.4,2026-01-11,99,13,3,10,1,4,1,1,0,6,0,whatsapp,True,False,0.0,,True
57,regular,741.03,card_declined,card,8.1,2025-11-23,9,12,5,10,0,4,2,3,0,2,1,whatsapp,True,False,0.0,,False
67,new,2768.56,bank_server_down,netbanking,1.7,2025-08-12,21,6,7,1,1,4,0,3,4,6,0,discount,True,True,2768.56,32.8,False
52,regular,2375.15,network_error,card,3.0,2025-02-13,61,6,5,1,0,1,0,0,0,0,0,whatsapp,True,False,0.0,,False
47,regular,3319.74,network_error,upi,1.4,2025-08-15,39,10,1,10,2,4,0,0,2,5,0,discount,True,True,3319.74,17.2,False
91,regular,3707.52,network_error,wallet,4.6,2026-04-13,78,8,3,5,0,1,2,3,0,0,0,voice,True,False,0.0,,False
36,new,1884.1,card_declined,card,5.8,2025-07-11,48,6,6,3,0,0,2,3,2,6,0,retry,True,False,0.0,,False
145,new,2645.64,insufficient_funds,wallet,1.3,2025-12-10,72,9,8,4,5,5,0,3,0,2,0,retry,True,False,0.0,,False
133,regular,3951.66,insufficient_funds,upi,0.5,2026-03-01,24,12,2,12,0,3,1,2,1,2,1,none,False,True,3951.66,43.2,False
75,regular,4740.83,card_declined,upi,1.2,2025-10-27,61,10,3,10,1,5,1,3,1,5,2,discount,True,False,0.0,,True
53,regular,4371.98,bank_server_down,wallet,1.4,2026-04-04,60,6,4,4,1,1,1,3,0,0,0,discount,True,False,0.0,,False
80,regular,5893.57,insufficient_funds,wallet,6.2,2025-04-13,97,3,2,2,1,3,1,3,0,1,0,retry,True,True,5893.57,29.0,False
31,regular,4398.67,timeout,card,1.0,2025-01-13,55,11,4,7,2,4,3,3,1,3,0,none,False,True,4398.67,5.0,False
32,regular,2749.43,network_error,card,8.2,2026-03-07,7,4,3,4,1,5,3,5,1,1,0,none,False,True,2749.43,44.5,False
113,regular,6944.85,bank_server_down,upi,4.3,2025-11-22,73,11,8,6,3,6,0,3,0,0,0,retry,True,True,6944.85,35.8,False
62,high_value,12684.9,bank_server_down,card,4.8,2025-05-29,87,6,6,1,3,5,1,4,3,6,0,whatsapp,True,True,12684.9,17.7,False
71,new,1234.45,insufficient_funds,wallet,4.2,2025-08-06,41,8,3,5,5,5,2,4,4,6,0,whatsapp,True,True,1234.45,18.8,False
149,new,978.01,bank_server_down,wallet,0.4,2026-04-10,35,10,3,7,0,1,0,4,1,4,1,whatsapp,True,True,978.01,22.1,False
3,new,2947.09,card_declined,card,3.5,2025-12-28,53,2,1,1,0,2,0,1,1,1,0,email,True,False,0.0,,False
39,new,1120.41,bank_server_down,netbanking,4.6,2026-03-16,17,9,7,4,5,6,0,0,1,4,0,human_followup,True,True,1120.41,14.6,False
101,new,297.81,network_error,wallet,9.6,2025-11-07,84,12,6,8,2,5,1,4,2,4,0,discount,True,True,297.81,37.2,False
135,high_value,16665.17,card_declined,netbanking,5.8,2026-03-01,26,14,8,9,1,1,2,2,2,3,0,email,True,True,16665.17,7.7,False
25,regular,5489.46,network_error,wallet,3.2,2025-04-29,91,10,1,10,0,2,0,0,0,0,2,none,False,False,0.0,,False
61,high_value,9744.43,timeout,wallet,7.6,2025-08-04,32,4,2,4,1,3,2,5,0,0,0,none,False,True,9744.43,18.8,False
10,new,2555.73,insufficient_funds,wallet,7.6,2025-11-07,80,5,1,5,1,1,2,5,1,1,0,voice,True,True,2555.73,5.3,False
116,high_value,21993.3,bank_server_down,card,2.0,2025-09-09,87,8,2,7,2,5,0,3,0,4,2,email,True,False,0.0,,True
42,new,1358.78,bank_server_down,card,0.9,2025-01-13,25,9,5,4,1,1,0,0,1,1,0,voice,True,True,1358.78,38.9,False
2,new,1142.73,network_error,upi,3.4,2025-12-16,32,13,3,11,3,6,4,5,1,5,0,discount,True,False,0.0,,False
128,high_value,13556.16,timeout,wallet,5.0,2025-07-02,27,13,8,8,0,0,0,0,2,4,0,voice,True,True,13556.16,3.3,True
110,regular,5191.03,insufficient_funds,upi,1.3,2025-09-22,47,9,1,8,0,1,4,5,2,6,0,whatsapp,True,True,5191.03,28.9,False
85,new,165.37,card_declined,netbanking,3.9,2025-07-03,54,8,0,8,4,6,1,2,0,0,0,retry,True,False,0.0,,False
74,regular,1060.83,bank_server_down,card,8.5,2026-04-23,37,3,1,3,1,1,0,1,1,5,0,voice,True,True,1060.83,26.3,False
29,new,1790.04,card_declined,upi,0.3,2025-08-04,58,8,5,6,0,0,0,1,0,3,0,whatsapp,True,True,1790.04,6.8,False
141,new,2468.61,card_declined,upi,2.4,2025-02-07,62,12,5,8,0,2,3,4,0,2,0,none,False,False,0.0,,False
157,high_value,36639.09,insufficient_funds,netbanking,9.8,2026-05-02,83,5,4,1,2,5,3,4,2,6,0,email,True,False,0.0,,False
142,new,1488.44,timeout,netbanking,7.2,2025-02-23,63,7,4,5,2,6,2,2,0,0,0,retry,True,True,1488.44,31.3,False
111,regular,4081.94,timeout,upi,9.3,2025-01-14,46,3,4,2,1,1,1,3,0,2,0,human_followup,True,False,0.0,,False
98,new,2077.63,insufficient_funds,wallet,0.5,2026-01-28,21,13,5,11,3,6,0,0,0,0,0,whatsapp,True,True,2077.63,26.4,False
30,high_value,24707.88,bank_server_down,netbanking,3.5,2025-06-25,58,9,5,7,0,4,0,1,1,3,2,email,True,False,0.0,,True
151,regular,575.37,network_error,upi,9.9,2025-01-08,94,9,6,4,5,6,0,1,0,2,0,none,False,True,575.37,5.0,False
15,regular,1450.37,timeout,netbanking,0.4,2025-06-29,35,5,3,4,0,2,0,2,0,0,0,voice,True,False,0.0,,False
34,regular,5045.93,network_error,upi,6.6,2025-02-09,18,5,5,1,1,5,6,6,1,3,0,whatsapp,True,False,0.0,,False
92,regular,7232.3,timeout,wallet,7.1,2026-04-28,38,12,4,8,2,6,0,0,0,1,0,whatsapp,True,False,0.0,,False
63,new,1627.85,card_declined,netbanking,7.0,2025-09-15,21,8,0,8,0,0,1,2,1,2,1,retry,True,False,0.0,,False
106,regular,5791.26,bank_server_down,wallet,2.8,2025-04-15,76,8,5,5,1,6,0,2,1,2,0,none,False,False,0.0,,False
134,new,768.55,bank_server_down,card,1.2,2026-01-07,76,5,6,2,4,4,2,4,0,3,0,none,False,True,768.55,70.4,False
179,regular,3802.08,network_error,upi,0.2,2026-03-05,53,11,2,10,0,2,0,1,1,5,2,retry,True,False,0.0,,False
99,new,971.2,insufficient_funds,upi,2.8,2025-11-09,78,10,3,9,1,5,1,2,1,3,0,whatsapp,True,True,971.2,21.4,False
58,high_value,14257.86,timeout,wallet,5.3,2025-12-05,19,9,4,7,1,3,1,6,3,3,0,whatsapp,True,False,0.0,,False
7,regular,7325.41,card_declined,netbanking,8.1,2025-10-30,19,12,4,10,2,2,2,5,2,6,0,whatsapp,True,True,7325.41,29.9,False
110,regular,6369.6,insufficient_funds,upi,5.5,2026-05-03,47,9,1,8,0,1,4,5,2,6,0,discount,True,False,0.0,,False
137,regular,3976.27,bank_server_down,netbanking,1.6,2025-07-15,43,11,6,6,0,2,1,3,2,2,0,email,True,False,0.0,,False
4,regular,2605.25,card_declined,upi,10.0,2026-01-30,25,13,5,9,2,3,3,4,4,6,0,email,True,True,2605.25,29.6,False
93,regular,2515.61,card_declined,upi,1.2,2025-10-19,90,6,7,1,0,2,0,2,2,5,0,discount,True,False,0.0,,False
114,new,1441.9,network_error,upi,4.7,2026-05-10,71,10,3,9,2,3,0,0,2,4,0,whatsapp,True,True,1441.9,19.7,False
149,new,2822.62,card_declined,netbanking,9.5,2025-08-14,35,10,3,7,0,1,0,4,1,4,1,whatsapp,True,False,0.0,,True
127,regular,1454.17,timeout,card,8.7,2025-12-02,13,7,6,2,3,5,1,4,2,3,0,retry,True,True,1454.17,1.9,False
176,new,1569.49,network_error,netbanking,0.4,2026-01-03,50,13,4,12,5,6,1,4,0,4,0,whatsapp,True,False,0.0,,False
66,new,146.74,card_declined,upi,6.0,2025-06-29,60,14,5,10,1,3,1,3,2,5,0,retry,True,False,0.0,,False
29,new,1582.0,timeout,card,3.3,2025-07-10,58,8,5,6,0,0,0,1,0,3,0,none,False,False,0.0,,False
19,high_value,33884.92,card_declined,card,0.2,2025-11-07,60,12,5,8,1,1,0,2,1,6,2,human_followup,True,False,0.0,,True
167,high_value,21862.2,card_declined,upi,1.6,2025-01-23,58,2,2,1,1,3,1,2,5,6,0,whatsapp,True,True,21862.2,5.2,False
55,new,2443.3,bank_server_down,netbanking,9.4,2025-07-13,18,6,6,3,0,1,0,2,1,2,0,none,False,True,2443.3,52.6,False
98,new,2311.57,insufficient_funds,upi,9.6,2025-04-25,21,13,5,11,3,6,0,0,0,0,0,voice,True,False,0.0,,False
108,new,1663.01,insufficient_funds,upi,6.1,2025-12-04,17,10,8,5,1,5,1,3,2,2,0,email,True,False,0.0,,False
148,new,949.89,timeout,netbanking,2.4,2026-01-29,75,5,6,2,2,4,0,2,3,6,0,none,False,True,949.89,23.4,False
30,high_value,36188.29,network_error,wallet,3.6,2025-06-30,58,9,5,7,0,4,0,1,1,3,2,voice,True,True,36188.29,23.3,True
59,regular,3867.26,network_error,card,5.7,2026-02-28,18,14,7,9,2,5,0,1,3,5,0,none,False,False,0.0,,False
63,new,2351.7,network_error,card,6.1,2026-02-12,21,8,0,8,0,0,1,2,1,2,1,whatsapp,True,True,2351.7,20.3,True
38,regular,4820.09,timeout,card,8.8,2025-01-08,100,9,5,7,3,4,0,0,4,5,0,whatsapp,True,True,4820.09,34.2,False
121,new,2254.28,timeout,upi,8.3,2025-01-13,35,6,7,2,3,6,2,3,1,1,0,discount,True,False,0.0,,False
136,regular,7389.67,network_error,netbanking,1.3,2025-12-23,63,15,5,11,0,0,1,1,1,3,0,voice,True,False,0.0,,True
87,high_value,31616.51,bank_server_down,upi,9.9,2025-01-24,74,8,7,4,2,3,1,2,4,5,0,retry,True,False,0.0,,False
115,regular,7330.06,network_error,wallet,2.9,2025-09-02,55,15,5,10,0,2,1,4,0,0,0,discount,True,False,0.0,,False
151,regular,7372.56,bank_server_down,upi,1.5,2025-01-04,94,9,6,4,5,6,0,1,0,2,0,voice,True,True,7372.56,18.3,False
113,regular,1825.42,bank_server_down,netbanking,9.4,2025-02-19,73,11,8,6,3,6,0,3,0,0,0,whatsapp,True,True,1825.42,24.9,True
135,high_value,31092.27,network_error,netbanking,3.2,2025-06-13,26,14,8,9,1,1,2,2,2,3,0,human_followup,True,False,0.0,,True
54,regular,3729.03,card_declined,netbanking,1.0,2025-05-26,34,12,4,9,0,3,2,6,0,2,0,whatsapp,True,True,3729.03,10.8,False
44,new,936.59,card_declined,upi,9.2,2025-12-08,61,13,6,9,0,0,0,3,3,4,0,whatsapp,True,True,936.59,24.5,False
44,new,179.32,insufficient_funds,card,0.1,2026-03-03,61,13,6,9,0,0,0,3,3,4,0,none,False,True,179.32,21.0,False
147,regular,3698.77,network_error,card,8.3,2025-06-01,45,9,2,8,2,6,2,4,1,6,2,none,False,False,0.0,,False
31,regular,3833.04,network_error,wallet,2.6,2026-03-19,55,11,4,7,2,4,3,3,1,3,0,whatsapp,True,True,3833.04,46.5,False
21,regular,6082.08,timeout,upi,3.3,2025-09-17,53,5,1,4,3,6,4,6,0,2,0,whatsapp,True,True,6082.08,32.3,False
19,high_value,36806.44,card_declined,upi,4.3,2026-04-23,60,12,5,8,1,1,0,2,1,6,2,discount,True,False,0.0,,True
143,high_value,34750.87,insufficient_funds,upi,2.5,2025-10-28,71,15,6,10,1,1,0,2,0,1,0,whatsapp,True,False,0.0,,False
68,new,1463.33,network_error,card,7.3,2025-05-25,76,3,2,3,2,2,0,1,0,6,0,whatsapp,True,True,1463.33,24.8,False
55,new,109.27,insufficient_funds,wallet,5.6,2025-04-17,18,6,6,3,0,1,0,2,1,2,0,discount,True,True,109.27,29.5,False
162,regular,4879.24,card_declined,wallet,5.3,2026-05-04,94,1,1,1,0,0,1,1,0,2,0,whatsapp,True,True,4879.24,14.1,False
125,regular,4176.66,network_error,netbanking,5.4,2025-06-01,42,15,7,11,0,1,1,1,0,6,2,retry,True,True,4176.66,42.3,False
74,regular,3646.96,network_error,netbanking,2.5,2025-08-06,37,3,1,3,1,1,0,1,1,5,0,retry,True,True,3646.96,15.4,False
30,high_value,20641.04,network_error,card,7.7,2025-09-05,58,9,5,7,0,4,0,1,1,3,2,none,False,False,0.0,,False
154,high_value,23540.13,timeout,upi,2.9,2025-09-17,93,10,4,7,0,1,1,2,1,2,0,whatsapp,True,False,0.0,,False
144,regular,6288.49,card_declined,netbanking,4.1,2026-02-19,99,13,3,10,1,4,1,1,0,6,0,email,True,True,6288.49,13.0,False
57,regular,3048.81,insufficient_funds,netbanking,4.5,2025-04-24,9,12,5,10,0,4,2,3,0,2,1,voice,True,True,3048.81,30.1,True
158,regular,5080.64,timeout,upi,9.5,2025-01-11,93,13,7,8,0,0,4,6,2,5,0,human_followup,True,True,5080.64,43.8,False
142,new,284.05,insufficient_funds,card,3.6,2025-04-12,63,7,4,5,2,6,2,2,0,0,0,none,False,False,0.0,,False
102,regular,6947.92,timeout,netbanking,8.0,2026-04-12,83,10,3,9,1,2,4,5,1,4,0,whatsapp,True,True,6947.92,12.0,False
4,regular,770.56,insufficient_funds,upi,5.0,2026-02-10,25,13,5,9,2,3,3,4,4,6,0,email,True,True,770.56,11.1,False
177,regular,2354.82,card_declined,upi,8.1,2025-07-13,7,8,2,7,0,4,0,2,1,6,1,voice,True,True,2354.82,13.0,False
22,regular,1073.95,bank_server_down,wallet,0.2,2026-01-16,27,0,2,0,2,4,1,5,1,1,0,none,False,True,1073.95,11.8,False
151,regular,6444.65,timeout,netbanking,7.8,2025-08-06,94,9,6,4,5,6,0,1,0,2,0,email,True,True,6444.65,9.8,False
68,new,2910.86,bank_server_down,wallet,3.8,2025-08-08,76,3,2,3,2,2,0,1,0,6,0,retry,True,False,0.0,,False
144,regular,2589.18,card_declined,card,3.8,2025-09-12,99,13,3,10,1,4,1,1,0,6,0,discount,True,False,0.0,,False
28,high_value,25352.17,bank_server_down,upi,4.0,2025-04-29,71,5,3,4,2,3,2,2,3,4,0,email,True,True,25352.17,15.0,False
37,new,2448.07,insufficient_funds,upi,5.6,2025-04-17,93,15,5,11,0,3,0,0,1,2,0,none,False,False,0.0,,False
64,new,343.28,network_error,wallet,5.2,2026-03-06,51,11,6,8,0,4,0,5,0,0,1,voice,True,True,343.28,12.2,False
80,regular,6053.83,timeout,upi,3.2,2025-10-17,97,3,2,2,1,3,1,3,0,1,0,voice,True,False,0.0,,False
54,regular,6162.78,network_error,wallet,3.1,2025-11-30,34,12,4,9,0,3,2,6,0,2,0,whatsapp,True,False,0.0,,False
143,high_value,43639.38,insufficient_funds,upi,4.3,2025-02-09,71,15,6,10,1,1,0,2,0,1,0,whatsapp,True,False,0.0,,True
32,regular,1746.48,network_error,upi,0.4,2025-08-06,7,4,3,4,1,5,3,5,1,1,0,email,True,False,0.0,,False
36,new,2272.08,bank_server_down,wallet,4.0,2025-06-01,48,6,6,3,0,0,2,3,2,6,0,retry,True,False,0.0,,False
174,regular,2533.31,card_declined,netbanking,5.6,2025-03-26,53,14,4,10,2,6,2,2,1,1,0,whatsapp,True,True,2533.31,29.5,True
96,new,1606.2,card_declined,wallet,4.6,2026-04-25,30,11,2,11,1,5,0,5,2,4,2,whatsapp,True,False,0.0,,False
35,regular,1731.79,network_error,upi,3.2,2025-04-02,83,16,7,11,0,6,0,1,0,0,1,whatsapp,True,True,1731.79,15.0,False
49,high_value,13967.04,insufficient_funds,wallet,3.3,2025-02-01,97,12,2,12,0,2,2,5,1,4,0,voice,True,False,0.0,,True
163,regular,4693.67,timeout,netbanking,6.3,2026-04-21,98,6,3,5,0,0,4,6,1,5,0,whatsapp,True,True,4693.67,20.5,False
79,high_value,21527.37,network_error,netbanking,5.6,2025-11-25,24,13,2,12,0,0,1,2,5,6,0,discount,True,True,21527.37,35.1,True
72,regular,1837.44,bank_server_down,upi,1.3,2025-09-25,60,4,3,1,0,0,0,3,4,4,0,voice,True,True,1837.44,37.1,False
152,new,1853.85,bank_server_down,wallet,2.1,2025-01-02,93,10,6,6,2,2,1,4,0,3,0,human_followup,True,False,0.0,,True
158,regular,1598.69,timeout,wallet,8.7,2025-06-15,93,13,7,8,0,0,4,6,2,5,0,retry,True,False,0.0,,False
36,new,1583.95,network_error,wallet,6.6,2025-06-17,48,6,6,3,0,0,2,3,2,6,0,whatsapp,True,False,0.0,,False
101,new,1194.2,network_error,wallet,3.5,2026-03-06,84,12,6,8,2,5,1,4,2,4,0,email,True,False,0.0,,False
55,new,2870.54,card_declined,card,8.4,2025-10-14,18,6,6,3,0,1,0,2,1,2,0,email,True,False,0.0,,False
31,regular,4684.29,network_error,netbanking,1.8,2026-03-20,55,11,4,7,2,4,3,3,1,3,0,whatsapp,True,True,4684.29,35.0,False
55,new,1889.23,timeout,wallet,3.7,2026-04-23,18,6,6,3,0,1,0,2,1,2,0,human_followup,True,True,1889.23,25.3,False
2,new,1799.95,card_declined,upi,9.1,2026-04-14,32,13,3,11,3,6,4,5,1,5,0,whatsapp,True,False,0.0,,False
9,regular,5354.14,network_error,wallet,0.4,2025-12-23,96,13,6,8,0,2,2,2,0,0,0,discount,True,True,5354.14,27.5,True
8,high_value,43843.34,network_error,wallet,4.9,2025-08-31,44,9,2,9,1,1,2,4,0,6,1,human_followup,True,False,0.0,,True
27,regular,786.45,insufficient_funds,card,7.1,2025-04-01,20,4,5,0,1,3,0,4,1,5,0,none,False,True,786.45,30.8,False
31,regular,920.36,insufficient_funds,netbanking,1.0,2025-10-06,55,11,4,7,2,4,3,3,1,3,0,whatsapp,True,False,0.0,,False
5,regular,2994.99,card_declined,card,9.1,2025-10-28,23,11,8,6,1,2,1,4,0,1,0,discount,True,True,2994.99,31.9,True
107,new,2529.38,insufficient_funds,upi,1.9,2026-01-25,73,11,2,10,0,2,0,1,0,5,2,email,True,False,0.0,,True
114,new,229.07,bank_server_down,card,6.9,2025-07-29,71,10,3,9,2,3,0,0,2,4,0,whatsapp,True,False,0.0,,False
1,regular,2833.73,bank_server_down,netbanking,1.2,2025-08-27,91,12,1,11,4,5,0,4,0,3,1,voice,True,False,0.0,,True
119,regular,1161.21,insufficient_funds,card,7.3,2025-04-06,69,7,1,7,0,2,0,4,0,2,1,whatsapp,True,False,0.0,,True
44,new,2387.34,timeout,netbanking,4.6,2026-03-26,61,13,6,9,0,0,0,3,3,4,0,discount,True,True,2387.34,30.9,False
49,high_value,38633.38,timeout,netbanking,0.5,2025-12-28,97,12,2,12,0,2,2,5,1,4,0,whatsapp,True,True,38633.38,19.9,False
49,high_value,17275.97,timeout,card,9.8,2025-05-13,97,12,2,12,0,2,2,5,1,4,0,discount,True,True,17275.97,27.8,False
90,regular,6292.78,bank_server_down,wallet,8.3,2025-12-18,8,9,5,5,0,1,2,5,2,3,0,none,False,True,6292.78,60.3,False
99,new,551.54,bank_server_down,card,9.9,2025-08-11,78,10,3,9,1,5,1,2,1,3,0,whatsapp,True,False,0.0,,False
54,regular,3066.36,bank_server_down,netbanking,0.9,2026-01-31,34,12,4,9,0,3,2,6,0,2,0,whatsapp,True,True,3066.36,44.3,False
133,regular,5437.49,timeout,wallet,1.4,2025-10-28,24,12,2,12,0,3,1,2,1,2,1,whatsapp,True,False,0.0,,False
9,regular,2917.79,insufficient_funds,netbanking,8.7,2025-01-05,96,13,6,8,0,2,2,2,0,0,0,whatsapp,True,False,0.0,,False
26,new,642.62,card_declined,netbanking,1.6,2025-10-07,58,9,3,9,1,5,2,5,0,1,0,whatsapp,True,True,642.62,22.0,False
148,new,2114.05,network_error,wallet,8.3,2025-05-10,75,5,6,2,2,4,0,2,3,6,0,discount,True,True,2114.05,19.3,False
11,regular,7780.74,timeout,upi,4.2,2026-02-01,36,15,7,11,1,6,5,6,4,6,0,whatsapp,True,False,0.0,,False
42,new,1585.39,card_declined,card,9.5,2025-10-18,25,9,5,4,1,1,0,0,1,1,0,human_followup,True,True,1585.39,46.1,False
24,regular,2819.55,timeout,netbanking,4.6,2025-03-26,91,13,8,8,1,5,0,2,3,4,2,email,True,False,0.0,,True
45,regular,2759.62,insufficient_funds,card,2.4,2025-04-15,91,0,1,0,1,6,1,6,3,5,0,email,True,False,0.0,,False
143,high_value,43055.08,card_declined,upi,4.8,2025-06-26,71,15,6,10,1,1,0,2,0,1,0,retry,True,False,0.0,,False
101,new,2126.46,network_error,wallet,8.3,2025-12-28,84,12,6,8,2,5,1,4,2,4,0,whatsapp,True,False,0.0,,False
82,regular,6222.83,timeout,wallet,7.7,2026-04-05,41,13,5,8,0,0,2,6,6,6,0,whatsapp,True,False,0.0,,False
153,regular,3453.88,insufficient_funds,netbanking,4.9,2026-01-15,68,6,4,3,2,2,1,4,2,5,0,none,False,True,3453.88,63.9,False
46,new,2326.75,card_declined,netbanking,3.4,2026-02-26,41,8,6,5,1,5,1,2,1,6,0,retry,True,False,0.0,,False
102,regular,7359.4,timeout,card,5.0,2025-01-23,83,10,3,9,1,2,4,5,1,4,0,whatsapp,True,True,7359.4,31.4,False
109,regular,1630.61,card_declined,wallet,6.8,2025-09-04,58,8,1,8,1,6,3,6,0,2,0,retry,True,False,0.0,,False
108,new,620.6,network_error,upi,4.6,2025-02-12,17,10,8,5,1,5,1,3,2,2,0,whatsapp,True,False,0.0,,False
104,regular,6526.63,insufficient_funds,card,3.2,2025-10-22,45,3,3,3,3,3,0,6,2,4,0,email,True,False,0.0,,False
168,new,2883.77,network_error,wallet,7.7,2025-06-05,60,5,4,1,3,5,2,5,0,1,0,email,True,False,0.0,,False
116,high_value,27592.77,network_error,netbanking,8.4,2026-05-13,87,8,2,7,2,5,0,3,0,4,2,whatsapp,True,False,0.0,,False
137,regular,6197.08,insufficient_funds,card,0.1,2026-05-01,43,11,6,6,0,2,1,3,2,2,0,none,False,False,0.0,,False
51,high_value,28170.33,bank_server_down,wallet,4.3,2025-08-26,48,4,5,1,0,4,4,6,1,4,0,whatsapp,True,True,28170.33,17.7,False
154,high_value,35887.44,card_declined,wallet,3.4,2025-06-01,93,10,4,7,0,1,1,2,1,2,0,human_followup,True,True,35887.44,14.1,False
107,new,150.81,card_declined,netbanking,6.4,2025-11-02,73,11,2,10,0,2,0,1,0,5,2,retry,True,False,0.0,,False
137,regular,6040.1,timeout,card,0.8,2025-02-18,43,11,6,6,0,2,1,3,2,2,0,retry,True,True,6040.1,23.7,False
71,new,1101.62,network_error,card,9.2,2026-04-08,41,8,3,5,5,5,2,4,4,6,0,none,False,False,0.0,,False
135,high_value,30608.07,insufficient_funds,upi,3.3,2025-01-20,26,14,8,9,1,1,2,2,2,3,0,whatsapp,True,False,0.0,,False
26,new,1207.55,insufficient_funds,netbanking,9.3,2026-01-19,58,9,3,9,1,5,2,5,0,1,0,whatsapp,True,True,1207.55,35.9,True
168,new,2253.79,insufficient_funds,wallet,9.7,2026-02-11,60,5,4,1,3,5,2,5,0,1,0,whatsapp,True,True,2253.79,24.7,False
63,new,2113.35,insufficient_funds,netbanking,5.7,2025-04-21,21,8,0,8,0,0,1,2,1,2,1,human_followup,True,False,0.0,,False
48,new,902.88,insufficient_funds,wallet,9.1,2025-12-14,68,12,6,7,5,5,0,3,2,4,0,whatsapp,True,True,902.88,37.6,False
169,regular,1473.25,card_declined,wallet,6.0,2026-05-15,64,2,4,1,0,2,6,6,2,6,0,voice,True,True,1473.25,34.1,False
57,regular,977.92,card_declined,wallet,5.9,2025-11-22,9,12,5,10,0,4,2,3,0,2,1,voice,True,False,0.0,,True
143,high_value,5565.53,card_declined,netbanking,3.5,2025-08-16,71,15,6,10,1,1,0,2,0,1,0,whatsapp,True,False,0.0,,False
137,regular,5732.94,network_error,netbanking,4.0,2025-12-05,43,11,6,6,0,2,1,3,2,2,0,none,False,False,0.0,,False
162,regular,4149.04,card_declined,upi,2.1,2025-09-29,94,1,1,1,0,0,1,1,0,2,0,whatsapp,True,True,4149.04,32.4,False
8,high_value,12015.52,bank_server_down,card,6.2,2025-10-17,44,9,2,9,1,1,2,4,0,6,1,email,True,False,0.0,,True
73,high_value,30039.78,network_error,card,3.8,2025-10-03,16,15,5,12,1,3,3,4,3,6,0,whatsapp,True,False,0.0,,False
25,regular,3468.12,timeout,upi,5.7,2025-04-02,91,10,1,10,0,2,0,0,0,0,2,none,False,False,0.0,,False
103,high_value,29753.17,card_declined,card,4.2,2025-11-03,81,17,5,12,1,3,1,4,3,5,0,whatsapp,True,False,0.0,,False
171,new,2665.8,card_declined,wallet,2.3,2025-07-26,52,3,4,2,1,5,0,0,0,0,0,email,True,False,0.0,,False
116,high_value,12063.55,timeout,wallet,2.9,2025-09-30,87,8,2,7,2,5,0,3,0,4,2,none,False,False,0.0,,False
168,new,599.58,insufficient_funds,wallet,5.8,2025-08-03,60,5,4,1,3,5,2,5,0,1,0,none,False,True,599.58,46.2,False
159,regular,2181.44,bank_server_down,upi,6.0,2026-01-10,45,8,2,8,1,1,0,6,0,0,0,email,True,True,2181.44,8.1,False
161,new,1468.55,insufficient_funds,netbanking,0.2,2025-11-04,44,10,4,6,2,5,0,0,3,3,0,none,False,False,0.0,,False
142,new,1582.87,timeout,card,4.6,2026-01-06,63,7,4,5,2,6,2,2,0,0,0,none,False,True,1582.87,67.5,False
52,regular,2920.43,card_declined,upi,8.9,2025-04-16,61,6,5,1,0,1,0,0,0,0,0,voice,True,True,2920.43,21.4,False
62,high_value,40853.91,network_error,upi,8.0,2026-03-05,87,6,6,1,3,5,1,4,3,6,0,whatsapp,True,False,0.0,,False
119,regular,5915.35,insufficient_funds,upi,7.5,2025-12-16,69,7,1,7,0,2,0,4,0,2,1,discount,True,False,0.0,,False
99,new,304.06,network_error,netbanking,8.8,2025-10-03,78,10,3,9,1,5,1,2,1,3,0,retry,True,False,0.0,,False
166,regular,7919.07,insufficient_funds,wallet,4.8,2026-01-07,98,10,4,7,2,4,1,1,1,5,0,retry,True,False,0.0,,False
11,regular,3225.3,bank_server_down,wallet,4.3,2025-03-05,36,15,7,11,1,6,5,6,4,6,0,retry,True,False,0.0,,False
149,new,2285.38,insufficient_funds,card,3.7,2025-12-03,35,10,3,7,0,1,0,4,1,4,1,whatsapp,True,False,0.0,,False
54,regular,2483.81,card_declined,upi,4.6,2025-12-30,34,12,4,9,0,3,2,6,0,2,0,email,True,True,2483.81,14.2,False
114,new,1058.92,network_error,netbanking,5.7,2025-11-01,71,10,3,9,2,3,0,0,2,4,0,retry,True,True,1058.92,25.1,False
7,regular,2157.66,card_declined,netbanking,7.1,2025-06-07,19,12,4,10,2,2,2,5,2,6,0,none,False,False,0.0,,False
163,regular,2785.56,network_error,netbanking,1.5,2026-02-17,98,6,3,5,0,0,4,6,1,5,0,discount,True,True,2785.56,18.5,False
164,regular,2209.39,timeout,netbanking,1.5,2025-01-07,10,13,1,12,0,6,1,6,2,5,1,whatsapp,True,False,0.0,,False
133,regular,3543.83,bank_server_down,card,9.7,2025-11-26,24,12,2,12,0,3,1,2,1,2,1,whatsapp,True,False,0.0,,True
96,new,1196.14,network_error,card,8.7,2025-09-04,30,11,2,11,1,5,0,5,2,4,2,whatsapp,True,False,0.0,,True
17,new,1092.86,card_declined,card,2.2,2025-05-23,90,14,5,9,2,6,2,5,3,5,0,voice,True,False,0.0,,True
51,high_value,21042.57,network_error,upi,8.4,2026-03-10,48,4,5,1,0,4,4,6,1,4,0,none,False,False,0.0,,False
59,regular,6060.33,card_declined,upi,4.0,2025-02-20,18,14,7,9,2,5,0,1,3,5,0,none,False,False,0.0,,False
70,new,1704.52,bank_server_down,upi,9.7,2025-01-29,48,9,6,6,0,1,3,5,1,6,0,email,True,True,1704.52,38.3,False
47,regular,5672.74,timeout,card,6.9,2025-08-22,39,10,1,10,2,4,0,0,2,5,0,whatsapp,True,False,0.0,,False
72,regular,1185.19,timeout,upi,9.1,2025-03-09,60,4,3,1,0,0,0,3,4,4,0,email,True,True,1185.19,28.2,False
149,new,1484.12,insufficient_funds,upi,3.2,2025-11-21,35,10,3,7,0,1,0,4,1,4,1,retry,True,False,0.0,,False
114,new,341.82,timeout,upi,5.4,2025-04-21,71,10,3,9,2,3,0,0,2,4,0,voice,True,True,341.82,20.7,True
29,new,2187.95,network_error,card,5.9,2025-11-22,58,8,5,6,0,0,0,1,0,3,0,voice,True,False,0.0,,True
105,new,1843.93,network_error,card,3.3,2025-09-05,83,13,7,8,2,3,0,1,1,2,0,email,True,False,0.0,,False
137,regular,2367.67,card_declined,netbanking,6.3,2025-02-27,43,11,6,6,0,2,1,3,2,2,0,none,False,False,0.0,,False
125,regular,548.88,bank_server_down,wallet,5.0,2025-04-02,42,15,7,11,0,1,1,1,0,6,2,retry,True,False,0.0,,False
78,regular,1209.26,network_error,netbanking,6.4,2025-10-03,76,9,2,9,2,3,4,5,2,3,0,none,False,True,1209.26,8.7,False
60,high_value,14594.74,bank_server_down,netbanking,3.2,2025-09-29,54,11,5,7,0,3,0,4,0,0,1,email,True,False,0.0,,False
54,regular,4782.56,timeout,netbanking,1.6,2026-01-28,34,12,4,9,0,3,2,6,0,2,0,email,True,True,4782.56,31.8,True
84,new,2874.45,network_error,wallet,7.8,2025-05-18,13,11,8,6,0,0,5,6,1,3,0,whatsapp,True,True,2874.45,40.1,False
95,regular,1587.4,card_declined,netbanking,8.3,2025-06-11,21,11,3,8,0,2,1,5,3,6,0,email,True,False,0.0,,False
107,new,116.45,network_error,upi,9.7,2025-07-01,73,11,2,10,0,2,0,1,0,5,2,voice,True,False,0.0,,True
71,new,156.49,timeout,card,6.6,2025-05-12,41,8,3,5,5,5,2,4,4,6,0,whatsapp,True,True,156.49,38.0,False
84,new,1718.4,timeout,card,6.2,2025-08-14,13,11,8,6,0,0,5,6,1,3,0,none,False,True,1718.4,18.3,False
84,new,2196.26,bank_server_down,wallet,9.5,2026-04-30,13,11,8,6,0,0,5,6,1,3,0,retry,True,False,0.0,,False
177,regular,7697.99,network_error,card,2.8,2025-11-07,7,8,2,7,0,4,0,2,1,6,1,voice,True,True,7697.99,16.5,True
138,high_value,21625.2,card_declined,upi,4.7,2026-03-27,55,8,5,5,1,2,2,4,1,5,0,human_followup,True,True,21625.2,19.9,False
39,new,2634.46,bank_server_down,netbanking,5.7,2025-10-15,17,9,7,4,5,6,0,0,1,4,0,retry,True,True,2634.46,27.5,False
170,high_value,16732.36,bank_server_down,netbanking,6.9,2025-03-13,8,10,3,8,0,3,0,0,0,3,2,human_followup,True,True,16732.36,34.2,True
81,regular,7679.0,card_declined,wallet,7.5,2025-04-20,64,5,5,3,1,6,0,1,0,0,0,whatsapp,True,False,0.0,,False
86,regular,1992.39,card_declined,netbanking,6.0,2026-04-23,74,2,2,2,1,2,2,6,2,3,0,retry,True,True,1992.39,19.8,False
102,regular,6545.49,insufficient_funds,upi,9.1,2025-09-20,83,10,3,9,1,2,4,5,1,4,0,whatsapp,True,True,6545.49,46.1,False
84,new,2391.4,network_error,netbanking,5.7,2025-11-21,13,11,8,6,0,0,5,6,1,3,0,retry,True,True,2391.4,4.5,False
143,high_value,40126.47,bank_server_down,card,8.0,2026-03-10,71,15,6,10,1,1,0,2,0,1,0,none,False,False,0.0,,False
120,regular,5075.24,timeout,upi,7.7,2025-08-09,76,6,2,4,0,4,2,3,1,3,0,none,False,False,0.0,,False
39,new,1986.29,insufficient_funds,card,6.5,2025-06-23,17,9,7,4,5,6,0,0,1,4,0,email,True,False,0.0,,False
111,regular,7170.48,network_error,netbanking,0.1,2026-03-01,46,3,4,2,1,1,1,3,0,2,0,whatsapp,True,True,7170.48,7.3,False
58,high_value,31296.94,card_declined,wallet,6.5,2025-04-13,19,9,4,7,1,3,1,6,3,3,0,human_followup,True,True,31296.94,42.3,False
148,new,542.55,timeout,card,3.1,2025-02-21,75,5,6,2,2,4,0,2,3,6,0,retry,True,False,0.0,,False
11,regular,6345.97,bank_server_down,netbanking,9.5,2025-06-17,36,15,7,11,1,6,5,6,4,6,0,none,False,False,0.0,,False
169,regular,2066.05,card_declined,card,4.2,2025-05-19,64,2,4,1,0,2,6,6,2,6,0,whatsapp,True,False,0.0,,False
7,regular,1529.84,network_error,upi,8.3,2025-07-12,19,12,4,10,2,2,2,5,2,6,0,retry,True,False,0.0,,False
54,regular,3353.12,network_error,wallet,4.0,2025-04-16,34,12,4,9,0,3,2,6,0,2,0,human_followup,True,False,0.0,,True
45,regular,4300.27,bank_server_down,upi,1.6,2025-04-18,91,0,1,0,1,6,1,6,3,5,0,retry,True,True,4300.27,29.1,False
82,regular,3613.46,timeout,upi,8.0,2025-07-04,41,13,5,8,0,0,2,6,6,6,0,email,True,False,0.0,,False
5,regular,554.42,network_error,wallet,9.6,2025-02-21,23,11,8,6,1,2,1,4,0,1,0,whatsapp,True,False,0.0,,False
112,new,2843.23,card_declined,card,10.0,2025-02-13,25,14,5,11,0,3,0,6,1,1,1,voice,True,False,0.0,,False
5,regular,7634.82,card_declined,netbanking,0.5,2026-03-10,23,11,8,6,1,2,1,4,0,1,0,whatsapp,True,True,7634.82,7.6,False
178,regular,4023.6,insufficient_funds,upi,6.0,2025-04-18,80,3,5,1,0,0,2,2,1,1,0,none,False,True,4023.6,27.4,False
107,new,2487.43,network_error,card,1.7,2025-09-23,73,11,2,10,0,2,0,1,0,5,2,none,False,False,0.0,,False
172,new,626.68,insufficient_funds,card,0.3,2025-04-15,64,12,0,12,0,0,0,1,1,3,2,whatsapp,True,False,0.0,,False
68,new,1903.55,insufficient_funds,upi,3.3,2026-04-01,76,3,2,3,2,2,0,1,0,6,0,email,True,False,0.0,,False
105,new,234.85,network_error,card,1.6,2025-01-08,83,13,7,8,2,3,0,1,1,2,0,whatsapp,True,True,234.85,3.3,False
122,new,1446.86,network_error,wallet,1.3,2025-11-05,11,5,1,5,0,2,0,0,3,6,0,none,False,True,1446.86,34.8,False
66,new,471.78,bank_server_down,netbanking,9.6,2025-12-09,60,14,5,10,1,3,1,3,2,5,0,discount,True,True,471.78,40.9,False
51,high_value,10662.48,bank_server_down,card,8.1,2025-03-15,48,4,5,1,0,4,4,6,1,4,0,whatsapp,True,True,10662.48,19.4,False
158,regular,1289.21,timeout,netbanking,1.8,2025-12-04,93,13,7,8,0,0,4,6,2,5,0,whatsapp,True,False,0.0,,False
152,new,1607.76,bank_server_down,netbanking,7.6,2025-03-09,93,10,6,6,2,2,1,4,0,3,0,whatsapp,True,True,1607.76,35.4,False
9,regular,6109.52,network_error,upi,7.9,2025-04-04,96,13,6,8,0,2,2,2,0,0,0,retry,True,False,0.0,,False
61,high_value,12284.83,card_declined,upi,5.7,2025-09-05,32,4,2,4,1,3,2,5,0,0,0,none,False,True,12284.83,62.7,False
148,new,1276.4,timeout,wallet,6.2,2025-10-07,75,5,6,2,2,4,0,2,3,6,0,email,True,False,0.0,,False
132,new,2779.27,card_declined,card,2.6,2026-02-18,46,3,5,1,0,0,3,5,1,3,0,none,False,True,2779.27,33.4,False
25,regular,5510.1,card_declined,netbanking,0.6,2025-07-07,91,10,1,10,0,2,0,0,0,0,2,email,True,True,5510.1,4.6,True
118,high_value,42353.51,insufficient_funds,netbanking,1.3,2025-06-27,31,9,1,9,0,0,0,0,2,4,0,whatsapp,True,True,42353.51,4.1,False
130,regular,1869.59,bank_server_down,card,1.4,2025-12-15,77,14,5,11,1,6,2,4,1,4,2,whatsapp,True,True,1869.59,17.1,True
154,high_value,40097.2,bank_server_down,upi,8.0,2025-07-05,93,10,4,7,0,1,1,2,1,2,0,email,True,False,0.0,,False
43,regular,3308.54,insufficient_funds,card,6.3,2026-03-16,41,4,1,4,4,5,0,6,1,2,0,voice,True,False,0.0,,False
39,new,1668.38,bank_server_down,wallet,8.6,2025-05-23,17,9,7,4,5,6,0,0,1,4,0,retry,True,False,0.0,,False
103,high_value,18342.34,bank_server_down,wallet,8.9,2025-08-28,81,17,5,12,1,3,1,4,3,5,0,whatsapp,True,False,0.0,,True
20,high_value,16309.82,bank_server_down,netbanking,2.1,2026-01-11,57,4,2,3,0,0,1,1,0,2,0,voice,True,False,0.0,,True
106,regular,1552.27,network_error,card,7.6,2026-02-18,76,8,5,5,1,6,0,2,1,2,0,none,False,False,0.0,,False
101,new,2380.31,network_error,wallet,5.9,2025-05-08,84,12,6,8,2,5,1,4,2,4,0,none,False,True,2380.31,69.4,False
71,new,507.28,network_error,upi,7.3,2025-10-27,41,8,3,5,5,5,2,4,4,6,0,none,False,True,507.28,32.5,False
173,regular,2566.03,card_declined,upi,6.4,2025-09-24,40,6,2,5,1,2,4,4,1,4,0,whatsapp,True,True,2566.03,22.7,False
170,high_value,24722.24,insufficient_funds,wallet,1.5,2026-03-27,8,10,3,8,0,3,0,0,0,3,2,none,False,False,0.0,,False
88,high_value,44385.6,insufficient_funds,wallet,8.4,2025-05-11,93,6,4,5,1,3,0,0,2,5,0,retry,True,False,0.0,,False
150,regular,1763.42,network_error,netbanking,2.2,2025-02-22,42,11,4,9,1,4,0,0,0,1,0,retry,True,False,0.0,,False
154,high_value,43928.83,timeout,wallet,8.4,2026-05-09,93,10,4,7,0,1,1,2,1,2,0,email,True,True,43928.83,37.0,False
71,new,2723.72,bank_server_down,netbanking,4.2,2026-03-05,41,8,3,5,5,5,2,4,4,6,0,whatsapp,True,True,2723.72,34.3,False
125,regular,2320.58,network_error,card,5.9,2025-12-07,42,15,7,11,0,1,1,1,0,6,2,whatsapp,True,False,0.0,,True
125,regular,4705.03,bank_server_down,wallet,6.1,2026-03-22,42,15,7,11,0,1,1,1,0,6,2,none,False,True,4705.03,43.7,False
152,new,2530.8,insufficient_funds,upi,1.2,2026-01-27,93,10,6,6,2,2,1,4,0,3,0,whatsapp,True,True,2530.8,29.0,False
101,new,2183.04,insufficient_funds,netbanking,6.5,2025-08-14,84,12,6,8,2,5,1,4,2,4,0,none,False,False,0.0,,False
134,new,208.1,network_error,wallet,6.7,2025-01-14,76,5,6,2,4,4,2,4,0,3,0,whatsapp,True,True,208.1,15.9,False
75,regular,7405.02,insufficient_funds,wallet,8.5,2025-05-10,61,10,3,10,1,5,1,3,1,5,2,whatsapp,True,False,0.0,,True
64,new,902.23,insufficient_funds,netbanking,4.6,2025-11-22,51,11,6,8,0,4,0,5,0,0,1,whatsapp,True,False,0.0,,True
141,new,1980.03,network_error,netbanking,7.8,2025-03-30,62,12,5,8,0,2,3,4,0,2,0,none,False,False,0.0,,False
86,regular,3138.54,bank_server_down,card,3.2,2025-06-06,74,2,2,2,1,2,2,6,2,3,0,retry,True,False,0.0,,False
164,regular,3545.49,bank_server_down,wallet,6.4,2026-01-23,10,13,1,12,0,6,1,6,2,5,1,whatsapp,True,False,0.0,,False
90,regular,3027.51,network_error,netbanking,7.5,2026-05-07,8,9,5,5,0,1,2,5,2,3,0,whatsapp,True,True,3027.51,15.0,False
130,regular,5751.71,bank_server_down,netbanking,7.6,2025-10-03,77,14,5,11,1,6,2,4,1,4,2,whatsapp,True,False,0.0,,True
24,regular,1179.07,bank_server_down,wallet,8.5,2025-03-16,91,13,8,8,1,5,0,2,3,4,2,discount,True,False,0.0,,True
99,new,400.52,card_declined,upi,3.2,2025-04-26,78,10,3,9,1,5,1,2,1,3,0,email,True,True,400.52,32.1,False
71,new,176.44,timeout,card,2.5,2025-04-26,41,8,3,5,5,5,2,4,4,6,0,email,True,False,0.0,,False
76,regular,2327.6,insufficient_funds,wallet,8.4,2025-08-01,46,11,5,7,4,4,3,6,0,3,0,voice,True,False,0.0,,True
48,new,2558.92,bank_server_down,wallet,6.3,2026-03-31,68,12,6,7,5,5,0,3,2,4,0,none,False,True,2558.92,19.6,False
94,high_value,41154.17,card_declined,wallet,3.7,2026-04-06,51,6,3,3,1,4,0,0,0,0,0,none,False,True,41154.17,39.4,False
20,high_value,48114.1,timeout,netbanking,8.6,2025-12-26,57,4,2,3,0,0,1,1,0,2,0,whatsapp,True,False,0.0,,False
130,regular,5812.65,bank_server_down,netbanking,1.0,2026-02-28,77,14,5,11,1,6,2,4,1,4,2,voice,True,False,0.0,,True
166,regular,7823.7,timeout,wallet,2.7,2026-03-05,98,10,4,7,2,4,1,1,1,5,0,retry,True,False,0.0,,False
128,high_value,31597.83,insufficient_funds,card,0.2,2025-08-18,27,13,8,8,0,0,0,0,2,4,0,voice,True,True,31597.83,41.7,False
38,regular,978.33,card_declined,upi,9.5,2025-05-22,100,9,5,7,3,4,0,0,4,5,0,voice,True,False,0.0,,False
154,high_value,27086.44,timeout,wallet,2.2,2025-08-20,93,10,4,7,0,1,1,2,1,2,0,whatsapp,True,False,0.0,,False
60,high_value,30643.58,bank_server_down,wallet,1.4,2025-10-04,54,11,5,7,0,3,0,4,0,0,1,none,False,True,30643.58,62.3,False
157,high_value,7383.69,card_declined,upi,7.7,2025-02-06,83,5,4,1,2,5,3,4,2,6,0,voice,True,True,7383.69,35.2,False
64,new,2941.37,timeout,card,0.3,2026-04-21,51,11,6,8,0,4,0,5,0,0,1,email,True,False,0.0,,True
104,regular,4805.02,network_error,wallet,3.8,2025-08-31,45,3,3,3,3,3,0,6,2,4,0,whatsapp,True,True,4805.02,17.1,False
111,regular,7092.98,network_error,upi,1.8,2025-07-25,46,3,4,2,1,1,1,3,0,2,0,whatsapp,True,True,7092.98,4.0,False
116,high_value,38831.69,bank_server_down,netbanking,0.2,2025-11-07,87,8,2,7,2,5,0,3,0,4,2,retry,True,False,0.0,,False
175,high_value,21791.61,timeout,upi,9.6,2025-09-28,79,3,5,0,0,1,0,0,1,1,0,retry,True,True,21791.61,14.8,False
146,regular,4725.24,insufficient_funds,card,1.9,2025-11-14,19,2,3,1,0,1,0,1,3,3,0,email,True,False,0.0,,False
25,regular,7040.73,timeout,netbanking,5.7,2026-04-02,91,10,1,10,0,2,0,0,0,0,2,email,True,False,0.0,,True
130,regular,1616.37,network_error,upi,6.2,2026-04-24,77,14,5,11,1,6,2,4,1,4,2,email,True,False,0.0,,False
80,regular,7512.74,insufficient_funds,netbanking,6.8,2025-10-30,97,3,2,2,1,3,1,3,0,1,0,email,True,False,0.0,,False
155,new,550.23,bank_server_down,netbanking,9.4,2026-04-21,97,3,5,0,3,5,0,0,0,1,0,discount,True,False,0.0,,False
30,high_value,35091.73,insufficient_funds,netbanking,2.5,2025-03-14,58,9,5,7,0,4,0,1,1,3,2,whatsapp,True,False,0.0,,True
104,regular,811.93,insufficient_funds,wallet,8.1,2026-04-11,45,3,3,3,3,3,0,6,2,4,0,discount,True,False,0.0,,False
134,new,363.77,card_declined,wallet,7.6,2025-11-26,76,5,6,2,4,4,2,4,0,3,0,whatsapp,True,True,363.77,9.6,False
161,new,1336.33,network_error,wallet,0.8,2025-01-13,44,10,4,6,2,5,0,0,3,3,0,email,True,True,1336.33,18.7,False
128,high_value,49652.93,card_declined,upi,5.3,2025-01-22,27,13,8,8,0,0,0,0,2,4,0,whatsapp,True,True,49652.93,35.9,False
147,regular,4570.9,card_declined,upi,5.3,2025-01-25,45,9,2,8,2,6,2,4,1,6,2,none,False,False,0.0,,False
91,regular,7731.4,insufficient_funds,wallet,7.4,2025-09-26,78,8,3,5,0,1,2,3,0,0,0,none,False,False,0.0,,False
175,high_value,36463.24,timeout,upi,4.6,2025-04-06,79,3,5,0,0,1,0,0,1,1,0,none,False,True,36463.24,6.2,False
53,regular,4214.56,bank_server_down,upi,0.5,2025-07-15,60,6,4,4,1,1,1,3,0,0,0,whatsapp,True,True,4214.56,0.3,False
62,high_value,34681.74,card_declined,card,9.9,2026-02-28,87,6,6,1,3,5,1,4,3,6,0,whatsapp,True,False,0.0,,False
40,new,510.84,timeout,netbanking,8.8,2025-08-05,28,12,5,9,0,0,0,2,1,6,2,discount,True,False,0.0,,False
80,regular,2036.57,card_declined,wallet,6.9,2025-08-01,97,3,2,2,1,3,1,3,0,1,0,none,False,False,0.0,,False
49,high_value,41752.61,network_error,netbanking,6.0,2025-11-17,97,12,2,12,0,2,2,5,1,4,0,discount,True,True,41752.61,6.3,False
177,regular,2172.31,insufficient_funds,upi,1.6,2026-02-10,7,8,2,7,0,4,0,2,1,6,1,email,True,False,0.0,,True
66,new,2870.42,network_error,netbanking,5.4,2025-05-26,60,14,5,10,1,3,1,3,2,5,0,none,False,True,2870.42,55.0,False
102,regular,6671.58,timeout,upi,5.5,2025-09-12,83,10,3,9,1,2,4,5,1,4,0,whatsapp,True,True,6671.58,23.0,True
29,new,763.07,network_error,card,0.8,2025-12-22,58,8,5,6,0,0,0,1,0,3,0,none,False,True,763.07,44.7,False
113,regular,6037.6,network_error,upi,6.6,2025-09-15,73,11,8,6,3,6,0,3,0,0,0,human_followup,True,True,6037.6,15.3,False
146,regular,606.58,timeout,netbanking,8.6,2025-05-09,19,2,3,1,0,1,0,1,3,3,0,none,False,True,606.58,15.2,False
165,new,263.64,network_error,card,9.5,2025-09-16,13,12,3,12,1,3,0,0,1,4,0,retry,True,True,263.64,9.4,False
169,regular,5908.86,insufficient_funds,wallet,0.7,2025-05-06,64,2,4,1,0,2,6,6,2,6,0,voice,True,True,5908.86,26.3,False
82,regular,925.35,insufficient_funds,wallet,5.2,2025-01-09,41,13,5,8,0,0,2,6,6,6,0,voice,True,True,925.35,17.8,False
37,new,2714.41,timeout,upi,3.8,2025-10-16,93,15,5,11,0,3,0,0,1,2,0,retry,True,True,2714.41,27.3,False
58,high_value,39297.93,insufficient_funds,upi,0.2,2026-02-26,19,9,4,7,1,3,1,6,3,3,0,none,False,False,0.0,,False
166,regular,3395.41,bank_server_down,wallet,4.5,2026-01-19,98,10,4,7,2,4,1,1,1,5,0,whatsapp,True,True,3395.41,47.0,False
163,regular,3912.38,timeout,wallet,5.4,2025-07-04,98,6,3,5,0,0,4,6,1,5,0,whatsapp,True,True,3912.38,46.2,False
100,regular,7993.55,timeout,netbanking,7.4,2025-08-10,41,7,6,4,4,4,0,2,1,3,0,none,False,True,7993.55,33.7,False
139,high_value,43325.76,network_error,card,8.4,2025-06-30,35,15,7,10,0,2,0,6,0,6,0,whatsapp,True,False,0.0,,False
118,high_value,38005.22,network_error,wallet,4.6,2025-06-22,31,9,1,9,0,0,0,0,2,4,0,whatsapp,True,True,38005.22,10.0,False
56,regular,5844.42,bank_server_down,card,9.5,2026-01-09,82,14,5,9,3,5,2,2,0,2,0,discount,True,True,5844.42,26.4,False
105,new,1186.97,card_declined,card,3.9,2025-08-29,83,13,7,8,2,3,0,1,1,2,0,retry,True,False,0.0,,False
77,high_value,45710.42,bank_server_down,wallet,0.5,2025-04-22,85,8,2,6,3,5,2,6,1,2,0,whatsapp,True,False,0.0,,False
133,regular,3738.38,network_error,upi,6.9,2025-07-17,24,12,2,12,0,3,1,2,1,2,1,voice,True,True,3738.38,32.7,False
40,new,1959.59,bank_server_down,card,1.5,2025-06-12,28,12,5,9,0,0,0,2,1,6,2,email,True,False,0.0,,True
125,regular,2871.61,bank_server_down,upi,6.8,2026-02-07,42,15,7,11,0,1,1,1,0,6,2,retry,True,True,2871.61,44.2,False
14,high_value,19917.89,insufficient_funds,netbanking,9.3,2025-07-02,28,4,4,0,0,0,2,4,1,4,0,whatsapp,True,True,19917.89,40.4,False
93,regular,5174.24,card_declined,wallet,4.8,2025-12-27,90,6,7,1,0,2,0,2,2,5,0,whatsapp,True,True,5174.24,7.8,False
39,new,573.44,insufficient_funds,wallet,1.6,2025-10-10,17,9,7,4,5,6,0,0,1,4,0,voice,True,False,0.0,,False
64,new,2930.76,timeout,wallet,1.0,2025-01-21,51,11,6,8,0,4,0,5,0,0,1,whatsapp,True,False,0.0,,True
44,new,2324.7,bank_server_down,netbanking,9.3,2025-10-27,61,13,6,9,0,0,0,3,3,4,0,voice,True,True,2324.7,23.7,True
172,new,1743.67,card_declined,upi,8.9,2025-02-05,64,12,0,12,0,0,0,1,1,3,2,whatsapp,True,False,0.0,,True
39,new,421.82,timeout,netbanking,2.9,2026-02-10,17,9,7,4,5,6,0,0,1,4,0,none,False,True,421.82,43.8,False
127,regular,619.67,bank_server_down,wallet,9.9,2025-07-06,13,7,6,2,3,5,1,4,2,3,0,none,False,True,619.67,20.9,False
134,new,2722.41,insufficient_funds,wallet,3.2,2025-03-27,76,5,6,2,4,4,2,4,0,3,0,retry,True,True,2722.41,14.8,False
115,regular,7971.15,card_declined,upi,2.7,2026-01-24,55,15,5,10,0,2,1,4,0,0,0,voice,True,False,0.0,,True
9,regular,1479.87,bank_server_down,upi,7.3,2025-01-10,96,13,6,8,0,2,2,2,0,0,0,whatsapp,True,True,1479.87,18.7,False
178,regular,5539.28,network_error,netbanking,3.7,2025-09-20,80,3,5,1,0,0,2,2,1,1,0,none,False,True,5539.28,29.9,False
88,high_value,10955.31,card_declined,netbanking,5.5,2025-09-08,93,6,4,5,1,3,0,0,2,5,0,whatsapp,True,True,10955.31,32.3,False
171,new,2748.69,bank_server_down,upi,0.2,2025-03-07,52,3,4,2,1,5,0,0,0,0,0,none,False,True,2748.69,6.3,False
96,new,288.38,bank_server_down,card,7.8,2026-03-19,30,11,2,11,1,5,0,5,2,4,2,retry,True,False,0.0,,False
88,high_value,44157.18,bank_server_down,upi,1.6,2025-11-17,93,6,4,5,1,3,0,0,2,5,0,none,False,False,0.0,,False
162,regular,7050.51,insufficient_funds,upi,0.6,2025-03-13,94,1,1,1,0,0,1,1,0,2,0,whatsapp,True,False,0.0,,False
24,regular,5886.91,insufficient_funds,upi,4.3,2025-12-18,91,13,8,8,1,5,0,2,3,4,2,whatsapp,True,True,5886.91,15.4,True
136,regular,1944.79,timeout,wallet,6.1,2025-04-06,63,15,5,11,0,0,1,1,1,3,0,email,True,False,0.0,,False
16,new,1383.3,bank_server_down,upi,0.8,2026-05-14,69,5,5,1,2,2,0,0,0,1,0,whatsapp,True,True,1383.3,46.7,False
180,regular,1430.08,insufficient_funds,card,1.9,2025-06-14,47,13,4,10,3,5,5,6,0,0,0,human_followup,True,True,1430.08,40.1,False
76,regular,5011.65,bank_server_down,netbanking,2.2,2025-05-09,46,11,5,7,4,4,3,6,0,3,0,none,False,False,0.0,,False
136,regular,552.37,card_declined,netbanking,7.5,2025-02-03,63,15,5,11,0,0,1,1,1,3,0,retry,True,False,0.0,,False
16,new,1897.55,network_error,upi,6.7,2026-04-06,69,5,5,1,2,2,0,0,0,1,0,discount,True,True,1897.55,4.3,False
151,regular,6285.4,card_declined,upi,5.7,2026-01-08,94,9,6,4,5,6,0,1,0,2,0,none,False,False,0.0,,False
123,high_value,21669.95,card_declined,wallet,3.1,2026-01-17,99,1,2,0,0,0,2,5,1,1,0,whatsapp,True,False,0.0,,False
91,regular,3572.99,network_error,netbanking,9.2,2026-03-10,78,8,3,5,0,1,2,3,0,0,0,none,False,False,0.0,,False
119,regular,3891.32,timeout,wallet,4.2,2025-01-13,69,7,1,7,0,2,0,4,0,2,1,none,False,False,0.0,,False
98,new,2970.31,timeout,wallet,3.7,2025-08-11,21,13,5,11,3,6,0,0,0,0,0,human_followup,True,False,0.0,,True
152,new,2843.52,timeout,upi,0.2,2025-08-30,93,10,6,6,2,2,1,4,0,3,0,whatsapp,True,True,2843.52,18.9,True
78,regular,6723.34,bank_server_down,netbanking,2.3,2025-09-07,76,9,2,9,2,3,4,5,2,3,0,voice,True,True,6723.34,40.9,False
125,regular,7768.25,insufficient_funds,netbanking,9.6,2025-02-04,42,15,7,11,0,1,1,1,0,6,2,none,False,False,0.0,,False
156,regular,2669.91,timeout,wallet,8.0,2025-08-02,20,0,2,0,3,6,1,2,1,3,0,email,True,False,0.0,,False
87,high_value,33370.66,bank_server_down,wallet,6.1,2025-11-03,74,8,7,4,2,3,1,2,4,5,0,retry,True,True,33370.66,34.8,False
177,regular,6980.73,card_declined,wallet,0.6,2025-08-17,7,8,2,7,0,4,0,2,1,6,1,whatsapp,True,False,0.0,,False
